<application>
  <component name="libraryTable">
    <library name="Python 2.7 (hello_pkg) interpreter library">
      <CLASSES>
        <root url="file:///opt/ros/melodic/lib/python2.7/dist-packages" />
        <root url="file:///usr/lib/python2.7" />
        <root url="file:///usr/lib/python2.7/plat-x86_64-linux-gnu" />
        <root url="file:///usr/lib/python2.7/lib-tk" />
        <root url="file:///usr/lib/python2.7/lib-dynload" />
        <root url="file:///usr/local/lib/python2.7/dist-packages" />
        <root url="file:///usr/lib/python2.7/dist-packages" />
        <root url="file:///usr/lib/python2.7/dist-packages/wx-3.0-gtk3" />
        <root url="file://$USER_HOME$/.cache/JetBrains/CLion2020.3/python_stubs/-2066100796" />
        <root url="file://$APPLICATION_HOME_DIR$/plugins/python-ce/helpers/python-skeletons" />
        <root url="file://$APPLICATION_HOME_DIR$/plugins/python-ce/helpers/typeshed/stdlib/2" />
        <root url="file://$APPLICATION_HOME_DIR$/plugins/python-ce/helpers/typeshed/stdlib/2and3" />
        <root url="file://$APPLICATION_HOME_DIR$/plugins/python-ce/helpers/typeshed/third_party/2" />
        <root url="file://$APPLICATION_HOME_DIR$/plugins/python-ce/helpers/typeshed/third_party/2and3" />
      </CLASSES>
      <SOURCES>
        <root url="file:///opt/ros/melodic/lib/python2.7/dist-packages" />
        <root url="file:///usr/lib/python2.7" />
        <root url="file:///usr/lib/python2.7/plat-x86_64-linux-gnu" />
        <root url="file:///usr/lib/python2.7/lib-tk" />
        <root url="file:///usr/lib/python2.7/lib-dynload" />
        <root url="file:///usr/local/lib/python2.7/dist-packages" />
        <root url="file:///usr/lib/python2.7/dist-packages" />
        <root url="file:///usr/lib/python2.7/dist-packages/wx-3.0-gtk3" />
        <root url="file://$USER_HOME$/.cache/JetBrains/CLion2020.3/python_stubs/-2066100796" />
        <root url="file://$APPLICATION_HOME_DIR$/plugins/python-ce/helpers/python-skeletons" />
        <root url="file://$APPLICATION_HOME_DIR$/plugins/python-ce/helpers/typeshed/stdlib/2" />
        <root url="file://$APPLICATION_HOME_DIR$/plugins/python-ce/helpers/typeshed/stdlib/2and3" />
        <root url="file://$APPLICATION_HOME_DIR$/plugins/python-ce/helpers/typeshed/third_party/2" />
        <root url="file://$APPLICATION_HOME_DIR$/plugins/python-ce/helpers/typeshed/third_party/2and3" />
      </SOURCES>
    </library>
    <library name="Python 2.7 (hello_pkg) interpreter library">
      <CLASSES>
        <root url="file:///opt/ros/melodic/lib/python2.7/dist-packages" />
        <root url="file:///usr/lib/python2.7" />
        <root url="file:///usr/lib/python2.7/plat-x86_64-linux-gnu" />
        <root url="file:///usr/lib/python2.7/lib-tk" />
        <root url="file:///usr/lib/python2.7/lib-dynload" />
        <root url="file:///usr/local/lib/python2.7/dist-packages" />
        <root url="file:///usr/lib/python2.7/dist-packages" />
        <root url="file:///usr/lib/python2.7/dist-packages/wx-3.0-gtk3" />
        <root url="file://$USER_HOME$/.cache/JetBrains/CLion2020.3/python_stubs/-2066100796" />
        <root url="file://$APPLICATION_HOME_DIR$/plugins/python-ce/helpers/python-skeletons" />
        <root url="file://$APPLICATION_HOME_DIR$/plugins/python-ce/helpers/typeshed/stdlib/2" />
        <root url="file://$APPLICATION_HOME_DIR$/plugins/python-ce/helpers/typeshed/stdlib/2and3" />
        <root url="file://$APPLICATION_HOME_DIR$/plugins/python-ce/helpers/typeshed/third_party/2" />
        <root url="file://$APPLICATION_HOME_DIR$/plugins/python-ce/helpers/typeshed/third_party/2and3" />
      </CLASSES>
      <SOURCES>
        <root url="file:///opt/ros/melodic/lib/python2.7/dist-packages" />
        <root url="file:///usr/lib/python2.7" />
        <root url="file:///usr/lib/python2.7/plat-x86_64-linux-gnu" />
        <root url="file:///usr/lib/python2.7/lib-tk" />
        <root url="file:///usr/lib/python2.7/lib-dynload" />
        <root url="file:///usr/local/lib/python2.7/dist-packages" />
        <root url="file:///usr/lib/python2.7/dist-packages" />
        <root url="file:///usr/lib/python2.7/dist-packages/wx-3.0-gtk3" />
        <root url="file://$USER_HOME$/.cache/JetBrains/CLion2020.3/python_stubs/-2066100796" />
        <root url="file://$APPLICATION_HOME_DIR$/plugins/python-ce/helpers/python-skeletons" />
        <root url="file://$APPLICATION_HOME_DIR$/plugins/python-ce/helpers/typeshed/stdlib/2" />
        <root url="file://$APPLICATION_HOME_DIR$/plugins/python-ce/helpers/typeshed/stdlib/2and3" />
        <root url="file://$APPLICATION_HOME_DIR$/plugins/python-ce/helpers/typeshed/third_party/2" />
        <root url="file://$APPLICATION_HOME_DIR$/plugins/python-ce/helpers/typeshed/third_party/2and3" />
      </SOURCES>
    </library>
    <library name="Python 2.7 (hello_pkg) interpreter library">
      <CLASSES>
        <root url="file:///opt/ros/melodic/lib/python2.7/dist-packages" />
        <root url="file:///usr/lib/python2.7" />
        <root url="file:///usr/lib/python2.7/plat-x86_64-linux-gnu" />
        <root url="file:///usr/lib/python2.7/lib-tk" />
        <root url="file:///usr/lib/python2.7/lib-dynload" />
        <root url="file:///usr/local/lib/python2.7/dist-packages" />
        <root url="file:///usr/lib/python2.7/dist-packages" />
        <root url="file:///usr/lib/python2.7/dist-packages/wx-3.0-gtk3" />
        <root url="file://$USER_HOME$/.cache/JetBrains/CLion2020.3/python_stubs/-2066100796" />
        <root url="file://$APPLICATION_HOME_DIR$/plugins/python-ce/helpers/python-skeletons" />
        <root url="file://$APPLICATION_HOME_DIR$/plugins/python-ce/helpers/typeshed/stdlib/2" />
        <root url="file://$APPLICATION_HOME_DIR$/plugins/python-ce/helpers/typeshed/stdlib/2and3" />
        <root url="file://$APPLICATION_HOME_DIR$/plugins/python-ce/helpers/typeshed/third_party/2" />
        <root url="file://$APPLICATION_HOME_DIR$/plugins/python-ce/helpers/typeshed/third_party/2and3" />
      </CLASSES>
      <SOURCES>
        <root url="file:///opt/ros/melodic/lib/python2.7/dist-packages" />
        <root url="file:///usr/lib/python2.7" />
        <root url="file:///usr/lib/python2.7/plat-x86_64-linux-gnu" />
        <root url="file:///usr/lib/python2.7/lib-tk" />
        <root url="file:///usr/lib/python2.7/lib-dynload" />
        <root url="file:///usr/local/lib/python2.7/dist-packages" />
        <root url="file:///usr/lib/python2.7/dist-packages" />
        <root url="file:///usr/lib/python2.7/dist-packages/wx-3.0-gtk3" />
        <root url="file://$USER_HOME$/.cache/JetBrains/CLion2020.3/python_stubs/-2066100796" />
        <root url="file://$APPLICATION_HOME_DIR$/plugins/python-ce/helpers/python-skeletons" />
        <root url="file://$APPLICATION_HOME_DIR$/plugins/python-ce/helpers/typeshed/stdlib/2" />
        <root url="file://$APPLICATION_HOME_DIR$/plugins/python-ce/helpers/typeshed/stdlib/2and3" />
        <root url="file://$APPLICATION_HOME_DIR$/plugins/python-ce/helpers/typeshed/third_party/2" />
        <root url="file://$APPLICATION_HOME_DIR$/plugins/python-ce/helpers/typeshed/third_party/2and3" />
      </SOURCES>
    </library>
    <library name="Python 2.7 (hello_pkg) interpreter library">
      <CLASSES>
        <root url="file:///opt/ros/melodic/lib/python2.7/dist-packages" />
        <root url="file:///usr/lib/python2.7" />
        <root url="file:///usr/lib/python2.7/plat-x86_64-linux-gnu" />
        <root url="file:///usr/lib/python2.7/lib-tk" />
        <root url="file:///usr/lib/python2.7/lib-dynload" />
        <root url="file:///usr/local/lib/python2.7/dist-packages" />
        <root url="file:///usr/lib/python2.7/dist-packages" />
        <root url="file:///usr/lib/python2.7/dist-packages/wx-3.0-gtk3" />
        <root url="file://$USER_HOME$/.cache/JetBrains/CLion2020.3/python_stubs/-2066100796" />
        <root url="file://$APPLICATION_HOME_DIR$/plugins/python-ce/helpers/python-skeletons" />
        <root url="file://$APPLICATION_HOME_DIR$/plugins/python-ce/helpers/typeshed/stdlib/2" />
        <root url="file://$APPLICATION_HOME_DIR$/plugins/python-ce/helpers/typeshed/stdlib/2and3" />
        <root url="file://$APPLICATION_HOME_DIR$/plugins/python-ce/helpers/typeshed/third_party/2" />
        <root url="file://$APPLICATION_HOME_DIR$/plugins/python-ce/helpers/typeshed/third_party/2and3" />
      </CLASSES>
      <SOURCES>
        <root url="file:///opt/ros/melodic/lib/python2.7/dist-packages" />
        <root url="file:///usr/lib/python2.7" />
        <root url="file:///usr/lib/python2.7/plat-x86_64-linux-gnu" />
        <root url="file:///usr/lib/python2.7/lib-tk" />
        <root url="file:///usr/lib/python2.7/lib-dynload" />
        <root url="file:///usr/local/lib/python2.7/dist-packages" />
        <root url="file:///usr/lib/python2.7/dist-packages" />
        <root url="file:///usr/lib/python2.7/dist-packages/wx-3.0-gtk3" />
        <root url="file://$USER_HOME$/.cache/JetBrains/CLion2020.3/python_stubs/-2066100796" />
        <root url="file://$APPLICATION_HOME_DIR$/plugins/python-ce/helpers/python-skeletons" />
        <root url="file://$APPLICATION_HOME_DIR$/plugins/python-ce/helpers/typeshed/stdlib/2" />
        <root url="file://$APPLICATION_HOME_DIR$/plugins/python-ce/helpers/typeshed/stdlib/2and3" />
        <root url="file://$APPLICATION_HOME_DIR$/plugins/python-ce/helpers/typeshed/third_party/2" />
        <root url="file://$APPLICATION_HOME_DIR$/plugins/python-ce/helpers/typeshed/third_party/2and3" />
      </SOURCES>
    </library>
    <library name="Python 2.7 (hello_pkg) interpreter library">
      <CLASSES>
        <root url="file:///opt/ros/melodic/lib/python2.7/dist-packages" />
        <root url="file:///usr/lib/python2.7" />
        <root url="file:///usr/lib/python2.7/plat-x86_64-linux-gnu" />
        <root url="file:///usr/lib/python2.7/lib-tk" />
        <root url="file:///usr/lib/python2.7/lib-dynload" />
        <root url="file:///usr/local/lib/python2.7/dist-packages" />
        <root url="file:///usr/lib/python2.7/dist-packages" />
        <root url="file:///usr/lib/python2.7/dist-packages/wx-3.0-gtk3" />
        <root url="file://$USER_HOME$/.cache/JetBrains/CLion2020.3/python_stubs/-2066100796" />
        <root url="file://$APPLICATION_HOME_DIR$/plugins/python-ce/helpers/python-skeletons" />
        <root url="file://$APPLICATION_HOME_DIR$/plugins/python-ce/helpers/typeshed/stdlib/2" />
        <root url="file://$APPLICATION_HOME_DIR$/plugins/python-ce/helpers/typeshed/stdlib/2and3" />
        <root url="file://$APPLICATION_HOME_DIR$/plugins/python-ce/helpers/typeshed/third_party/2" />
        <root url="file://$APPLICATION_HOME_DIR$/plugins/python-ce/helpers/typeshed/third_party/2and3" />
      </CLASSES>
      <SOURCES>
        <root url="file:///opt/ros/melodic/lib/python2.7/dist-packages" />
        <root url="file:///usr/lib/python2.7" />
        <root url="file:///usr/lib/python2.7/plat-x86_64-linux-gnu" />
        <root url="file:///usr/lib/python2.7/lib-tk" />
        <root url="file:///usr/lib/python2.7/lib-dynload" />
        <root url="file:///usr/local/lib/python2.7/dist-packages" />
        <root url="file:///usr/lib/python2.7/dist-packages" />
        <root url="file:///usr/lib/python2.7/dist-packages/wx-3.0-gtk3" />
        <root url="file://$USER_HOME$/.cache/JetBrains/CLion2020.3/python_stubs/-2066100796" />
        <root url="file://$APPLICATION_HOME_DIR$/plugins/python-ce/helpers/python-skeletons" />
        <root url="file://$APPLICATION_HOME_DIR$/plugins/python-ce/helpers/typeshed/stdlib/2" />
        <root url="file://$APPLICATION_HOME_DIR$/plugins/python-ce/helpers/typeshed/stdlib/2and3" />
        <root url="file://$APPLICATION_HOME_DIR$/plugins/python-ce/helpers/typeshed/third_party/2" />
        <root url="file://$APPLICATION_HOME_DIR$/plugins/python-ce/helpers/typeshed/third_party/2and3" />
      </SOURCES>
    </library>
    <library name="Python 2.7 (hello_pkg) interpreter library">
      <CLASSES>
        <root url="file:///opt/ros/melodic/lib/python2.7/dist-packages" />
        <root url="file:///usr/lib/python2.7" />
        <root url="file:///usr/lib/python2.7/plat-x86_64-linux-gnu" />
        <root url="file:///usr/lib/python2.7/lib-tk" />
        <root url="file:///usr/lib/python2.7/lib-dynload" />
        <root url="file:///usr/local/lib/python2.7/dist-packages" />
        <root url="file:///usr/lib/python2.7/dist-packages" />
        <root url="file:///usr/lib/python2.7/dist-packages/wx-3.0-gtk3" />
        <root url="file://$USER_HOME$/.cache/JetBrains/CLion2020.3/python_stubs/-2066100796" />
        <root url="file://$APPLICATION_HOME_DIR$/plugins/python-ce/helpers/python-skeletons" />
        <root url="file://$APPLICATION_HOME_DIR$/plugins/python-ce/helpers/typeshed/stdlib/2" />
        <root url="file://$APPLICATION_HOME_DIR$/plugins/python-ce/helpers/typeshed/stdlib/2and3" />
        <root url="file://$APPLICATION_HOME_DIR$/plugins/python-ce/helpers/typeshed/third_party/2" />
        <root url="file://$APPLICATION_HOME_DIR$/plugins/python-ce/helpers/typeshed/third_party/2and3" />
      </CLASSES>
      <SOURCES>
        <root url="file:///opt/ros/melodic/lib/python2.7/dist-packages" />
        <root url="file:///usr/lib/python2.7" />
        <root url="file:///usr/lib/python2.7/plat-x86_64-linux-gnu" />
        <root url="file:///usr/lib/python2.7/lib-tk" />
        <root url="file:///usr/lib/python2.7/lib-dynload" />
        <root url="file:///usr/local/lib/python2.7/dist-packages" />
        <root url="file:///usr/lib/python2.7/dist-packages" />
        <root url="file:///usr/lib/python2.7/dist-packages/wx-3.0-gtk3" />
        <root url="file://$USER_HOME$/.cache/JetBrains/CLion2020.3/python_stubs/-2066100796" />
        <root url="file://$APPLICATION_HOME_DIR$/plugins/python-ce/helpers/python-skeletons" />
        <root url="file://$APPLICATION_HOME_DIR$/plugins/python-ce/helpers/typeshed/stdlib/2" />
        <root url="file://$APPLICATION_HOME_DIR$/plugins/python-ce/helpers/typeshed/stdlib/2and3" />
        <root url="file://$APPLICATION_HOME_DIR$/plugins/python-ce/helpers/typeshed/third_party/2" />
        <root url="file://$APPLICATION_HOME_DIR$/plugins/python-ce/helpers/typeshed/third_party/2and3" />
      </SOURCES>
    </library>
    <library name="Python 2.7 (hello_pkg) interpreter library">
      <CLASSES>
        <root url="file:///opt/ros/melodic/lib/python2.7/dist-packages" />
        <root url="file:///usr/lib/python2.7" />
        <root url="file:///usr/lib/python2.7/plat-x86_64-linux-gnu" />
        <root url="file:///usr/lib/python2.7/lib-tk" />
        <root url="file:///usr/lib/python2.7/lib-dynload" />
        <root url="file:///usr/local/lib/python2.7/dist-packages" />
        <root url="file:///usr/lib/python2.7/dist-packages" />
        <root url="file:///usr/lib/python2.7/dist-packages/wx-3.0-gtk3" />
        <root url="file://$USER_HOME$/.cache/JetBrains/CLion2020.3/python_stubs/-2066100796" />
        <root url="file://$APPLICATION_HOME_DIR$/plugins/python-ce/helpers/python-skeletons" />
        <root url="file://$APPLICATION_HOME_DIR$/plugins/python-ce/helpers/typeshed/stdlib/2" />
        <root url="file://$APPLICATION_HOME_DIR$/plugins/python-ce/helpers/typeshed/stdlib/2and3" />
        <root url="file://$APPLICATION_HOME_DIR$/plugins/python-ce/helpers/typeshed/third_party/2" />
        <root url="file://$APPLICATION_HOME_DIR$/plugins/python-ce/helpers/typeshed/third_party/2and3" />
      </CLASSES>
      <SOURCES>
        <root url="file:///opt/ros/melodic/lib/python2.7/dist-packages" />
        <root url="file:///usr/lib/python2.7" />
        <root url="file:///usr/lib/python2.7/plat-x86_64-linux-gnu" />
        <root url="file:///usr/lib/python2.7/lib-tk" />
        <root url="file:///usr/lib/python2.7/lib-dynload" />
        <root url="file:///usr/local/lib/python2.7/dist-packages" />
        <root url="file:///usr/lib/python2.7/dist-packages" />
        <root url="file:///usr/lib/python2.7/dist-packages/wx-3.0-gtk3" />
        <root url="file://$USER_HOME$/.cache/JetBrains/CLion2020.3/python_stubs/-2066100796" />
        <root url="file://$APPLICATION_HOME_DIR$/plugins/python-ce/helpers/python-skeletons" />
        <root url="file://$APPLICATION_HOME_DIR$/plugins/python-ce/helpers/typeshed/stdlib/2" />
        <root url="file://$APPLICATION_HOME_DIR$/plugins/python-ce/helpers/typeshed/stdlib/2and3" />
        <root url="file://$APPLICATION_HOME_DIR$/plugins/python-ce/helpers/typeshed/third_party/2" />
        <root url="file://$APPLICATION_HOME_DIR$/plugins/python-ce/helpers/typeshed/third_party/2and3" />
      </SOURCES>
    </library>
    <library name="Python 2.7 (hello_pkg) interpreter library">
      <CLASSES>
        <root url="file:///opt/ros/melodic/lib/python2.7/dist-packages" />
        <root url="file:///usr/lib/python2.7" />
        <root url="file:///usr/lib/python2.7/plat-x86_64-linux-gnu" />
        <root url="file:///usr/lib/python2.7/lib-tk" />
        <root url="file:///usr/lib/python2.7/lib-dynload" />
        <root url="file:///usr/local/lib/python2.7/dist-packages" />
        <root url="file:///usr/lib/python2.7/dist-packages" />
        <root url="file:///usr/lib/python2.7/dist-packages/wx-3.0-gtk3" />
        <root url="file://$USER_HOME$/.cache/JetBrains/CLion2020.3/python_stubs/-2066100796" />
        <root url="file://$APPLICATION_HOME_DIR$/plugins/python-ce/helpers/python-skeletons" />
        <root url="file://$APPLICATION_HOME_DIR$/plugins/python-ce/helpers/typeshed/stdlib/2" />
        <root url="file://$APPLICATION_HOME_DIR$/plugins/python-ce/helpers/typeshed/stdlib/2and3" />
        <root url="file://$APPLICATION_HOME_DIR$/plugins/python-ce/helpers/typeshed/third_party/2" />
        <root url="file://$APPLICATION_HOME_DIR$/plugins/python-ce/helpers/typeshed/third_party/2and3" />
      </CLASSES>
      <SOURCES>
        <root url="file:///opt/ros/melodic/lib/python2.7/dist-packages" />
        <root url="file:///usr/lib/python2.7" />
        <root url="file:///usr/lib/python2.7/plat-x86_64-linux-gnu" />
        <root url="file:///usr/lib/python2.7/lib-tk" />
        <root url="file:///usr/lib/python2.7/lib-dynload" />
        <root url="file:///usr/local/lib/python2.7/dist-packages" />
        <root url="file:///usr/lib/python2.7/dist-packages" />
        <root url="file:///usr/lib/python2.7/dist-packages/wx-3.0-gtk3" />
        <root url="file://$USER_HOME$/.cache/JetBrains/CLion2020.3/python_stubs/-2066100796" />
        <root url="file://$APPLICATION_HOME_DIR$/plugins/python-ce/helpers/python-skeletons" />
        <root url="file://$APPLICATION_HOME_DIR$/plugins/python-ce/helpers/typeshed/stdlib/2" />
        <root url="file://$APPLICATION_HOME_DIR$/plugins/python-ce/helpers/typeshed/stdlib/2and3" />
        <root url="file://$APPLICATION_HOME_DIR$/plugins/python-ce/helpers/typeshed/third_party/2" />
        <root url="file://$APPLICATION_HOME_DIR$/plugins/python-ce/helpers/typeshed/third_party/2and3" />
      </SOURCES>
    </library>
    <library name="Python 2.7 (hello_pkg) interpreter library">
      <CLASSES>
        <root url="file://$USER_HOME$/ws/first_ws/devel/lib/python2.7/dist-packages" />
        <root url="file:///opt/ros/melodic/lib/python2.7/dist-packages" />
        <root url="file:///usr/lib/python2.7" />
        <root url="file:///usr/lib/python2.7/plat-x86_64-linux-gnu" />
        <root url="file:///usr/lib/python2.7/lib-tk" />
        <root url="file:///usr/lib/python2.7/lib-dynload" />
        <root url="file:///usr/local/lib/python2.7/dist-packages" />
        <root url="file:///usr/lib/python2.7/dist-packages" />
        <root url="file:///usr/lib/python2.7/dist-packages/wx-3.0-gtk3" />
        <root url="file://$USER_HOME$/.cache/JetBrains/CLion2020.3/python_stubs/-2066100796" />
        <root url="file://$APPLICATION_HOME_DIR$/plugins/python-ce/helpers/python-skeletons" />
        <root url="file://$APPLICATION_HOME_DIR$/plugins/python-ce/helpers/typeshed/stdlib/2" />
        <root url="file://$APPLICATION_HOME_DIR$/plugins/python-ce/helpers/typeshed/stdlib/2and3" />
        <root url="file://$APPLICATION_HOME_DIR$/plugins/python-ce/helpers/typeshed/third_party/2" />
        <root url="file://$APPLICATION_HOME_DIR$/plugins/python-ce/helpers/typeshed/third_party/2and3" />
      </CLASSES>
      <SOURCES>
        <root url="file://$USER_HOME$/ws/first_ws/devel/lib/python2.7/dist-packages" />
        <root url="file:///opt/ros/melodic/lib/python2.7/dist-packages" />
        <root url="file:///usr/lib/python2.7" />
        <root url="file:///usr/lib/python2.7/plat-x86_64-linux-gnu" />
        <root url="file:///usr/lib/python2.7/lib-tk" />
        <root url="file:///usr/lib/python2.7/lib-dynload" />
        <root url="file:///usr/local/lib/python2.7/dist-packages" />
        <root url="file:///usr/lib/python2.7/dist-packages" />
        <root url="file:///usr/lib/python2.7/dist-packages/wx-3.0-gtk3" />
        <root url="file://$USER_HOME$/.cache/JetBrains/CLion2020.3/python_stubs/-2066100796" />
        <root url="file://$APPLICATION_HOME_DIR$/plugins/python-ce/helpers/python-skeletons" />
        <root url="file://$APPLICATION_HOME_DIR$/plugins/python-ce/helpers/typeshed/stdlib/2" />
        <root url="file://$APPLICATION_HOME_DIR$/plugins/python-ce/helpers/typeshed/stdlib/2and3" />
        <root url="file://$APPLICATION_HOME_DIR$/plugins/python-ce/helpers/typeshed/third_party/2" />
        <root url="file://$APPLICATION_HOME_DIR$/plugins/python-ce/helpers/typeshed/third_party/2and3" />
      </SOURCES>
    </library>
    <library name="Python 2.7 (hello_pkg) interpreter library">
      <CLASSES>
        <root url="file://$USER_HOME$/ws/first_ws/devel/lib/python2.7/dist-packages" />
        <root url="file:///opt/ros/melodic/lib/python2.7/dist-packages" />
        <root url="file:///usr/lib/python2.7" />
        <root url="file:///usr/lib/python2.7/plat-x86_64-linux-gnu" />
        <root url="file:///usr/lib/python2.7/lib-tk" />
        <root url="file:///usr/lib/python2.7/lib-dynload" />
        <root url="file:///usr/local/lib/python2.7/dist-packages" />
        <root url="file:///usr/lib/python2.7/dist-packages" />
        <root url="file:///usr/lib/python2.7/dist-packages/wx-3.0-gtk3" />
        <root url="file://$USER_HOME$/.cache/JetBrains/CLion2020.3/python_stubs/-2066100796" />
        <root url="file://$APPLICATION_HOME_DIR$/plugins/python-ce/helpers/python-skeletons" />
        <root url="file://$APPLICATION_HOME_DIR$/plugins/python-ce/helpers/typeshed/stdlib/2" />
        <root url="file://$APPLICATION_HOME_DIR$/plugins/python-ce/helpers/typeshed/stdlib/2and3" />
        <root url="file://$APPLICATION_HOME_DIR$/plugins/python-ce/helpers/typeshed/third_party/2" />
        <root url="file://$APPLICATION_HOME_DIR$/plugins/python-ce/helpers/typeshed/third_party/2and3" />
      </CLASSES>
      <SOURCES>
        <root url="file://$USER_HOME$/ws/first_ws/devel/lib/python2.7/dist-packages" />
        <root url="file:///opt/ros/melodic/lib/python2.7/dist-packages" />
        <root url="file:///usr/lib/python2.7" />
        <root url="file:///usr/lib/python2.7/plat-x86_64-linux-gnu" />
        <root url="file:///usr/lib/python2.7/lib-tk" />
        <root url="file:///usr/lib/python2.7/lib-dynload" />
        <root url="file:///usr/local/lib/python2.7/dist-packages" />
        <root url="file:///usr/lib/python2.7/dist-packages" />
        <root url="file:///usr/lib/python2.7/dist-packages/wx-3.0-gtk3" />
        <root url="file://$USER_HOME$/.cache/JetBrains/CLion2020.3/python_stubs/-2066100796" />
        <root url="file://$APPLICATION_HOME_DIR$/plugins/python-ce/helpers/python-skeletons" />
        <root url="file://$APPLICATION_HOME_DIR$/plugins/python-ce/helpers/typeshed/stdlib/2" />
        <root url="file://$APPLICATION_HOME_DIR$/plugins/python-ce/helpers/typeshed/stdlib/2and3" />
        <root url="file://$APPLICATION_HOME_DIR$/plugins/python-ce/helpers/typeshed/third_party/2" />
        <root url="file://$APPLICATION_HOME_DIR$/plugins/python-ce/helpers/typeshed/third_party/2and3" />
      </SOURCES>
    </library>
    <library name="Python 2.7 (hello_pkg) interpreter library">
      <CLASSES>
        <root url="file://$USER_HOME$/ws/first_ws/devel/lib/python2.7/dist-packages" />
        <root url="file:///opt/ros/melodic/lib/python2.7/dist-packages" />
        <root url="file:///usr/lib/python2.7" />
        <root url="file:///usr/lib/python2.7/plat-x86_64-linux-gnu" />
        <root url="file:///usr/lib/python2.7/lib-tk" />
        <root url="file:///usr/lib/python2.7/lib-dynload" />
        <root url="file:///usr/local/lib/python2.7/dist-packages" />
        <root url="file:///usr/lib/python2.7/dist-packages" />
        <root url="file:///usr/lib/python2.7/dist-packages/wx-3.0-gtk3" />
        <root url="file://$USER_HOME$/.cache/JetBrains/CLion2020.3/python_stubs/-2066100796" />
        <root url="file://$APPLICATION_HOME_DIR$/plugins/python-ce/helpers/python-skeletons" />
        <root url="file://$APPLICATION_HOME_DIR$/plugins/python-ce/helpers/typeshed/stdlib/2" />
        <root url="file://$APPLICATION_HOME_DIR$/plugins/python-ce/helpers/typeshed/stdlib/2and3" />
        <root url="file://$APPLICATION_HOME_DIR$/plugins/python-ce/helpers/typeshed/third_party/2" />
        <root url="file://$APPLICATION_HOME_DIR$/plugins/python-ce/helpers/typeshed/third_party/2and3" />
      </CLASSES>
      <SOURCES>
        <root url="file://$USER_HOME$/ws/first_ws/devel/lib/python2.7/dist-packages" />
        <root url="file:///opt/ros/melodic/lib/python2.7/dist-packages" />
        <root url="file:///usr/lib/python2.7" />
        <root url="file:///usr/lib/python2.7/plat-x86_64-linux-gnu" />
        <root url="file:///usr/lib/python2.7/lib-tk" />
        <root url="file:///usr/lib/python2.7/lib-dynload" />
        <root url="file:///usr/local/lib/python2.7/dist-packages" />
        <root url="file:///usr/lib/python2.7/dist-packages" />
        <root url="file:///usr/lib/python2.7/dist-packages/wx-3.0-gtk3" />
        <root url="file://$USER_HOME$/.cache/JetBrains/CLion2020.3/python_stubs/-2066100796" />
        <root url="file://$APPLICATION_HOME_DIR$/plugins/python-ce/helpers/python-skeletons" />
        <root url="file://$APPLICATION_HOME_DIR$/plugins/python-ce/helpers/typeshed/stdlib/2" />
        <root url="file://$APPLICATION_HOME_DIR$/plugins/python-ce/helpers/typeshed/stdlib/2and3" />
        <root url="file://$APPLICATION_HOME_DIR$/plugins/python-ce/helpers/typeshed/third_party/2" />
        <root url="file://$APPLICATION_HOME_DIR$/plugins/python-ce/helpers/typeshed/third_party/2and3" />
      </SOURCES>
    </library>
    <library name="Python 2.7 (hello_pkg) interpreter library">
      <CLASSES>
        <root url="file://$USER_HOME$/ws/first_ws/devel/lib/python2.7/dist-packages" />
        <root url="file:///opt/ros/melodic/lib/python2.7/dist-packages" />
        <root url="file:///usr/lib/python2.7" />
        <root url="file:///usr/lib/python2.7/plat-x86_64-linux-gnu" />
        <root url="file:///usr/lib/python2.7/lib-tk" />
        <root url="file:///usr/lib/python2.7/lib-dynload" />
        <root url="file:///usr/local/lib/python2.7/dist-packages" />
        <root url="file:///usr/lib/python2.7/dist-packages" />
        <root url="file:///usr/lib/python2.7/dist-packages/wx-3.0-gtk3" />
        <root url="file://$USER_HOME$/.cache/JetBrains/CLion2020.3/python_stubs/-2066100796" />
        <root url="file://$APPLICATION_HOME_DIR$/plugins/python-ce/helpers/python-skeletons" />
        <root url="file://$APPLICATION_HOME_DIR$/plugins/python-ce/helpers/typeshed/stdlib/2" />
        <root url="file://$APPLICATION_HOME_DIR$/plugins/python-ce/helpers/typeshed/stdlib/2and3" />
        <root url="file://$APPLICATION_HOME_DIR$/plugins/python-ce/helpers/typeshed/third_party/2" />
        <root url="file://$APPLICATION_HOME_DIR$/plugins/python-ce/helpers/typeshed/third_party/2and3" />
      </CLASSES>
      <SOURCES>
        <root url="file://$USER_HOME$/ws/first_ws/devel/lib/python2.7/dist-packages" />
        <root url="file:///opt/ros/melodic/lib/python2.7/dist-packages" />
        <root url="file:///usr/lib/python2.7" />
        <root url="file:///usr/lib/python2.7/plat-x86_64-linux-gnu" />
        <root url="file:///usr/lib/python2.7/lib-tk" />
        <root url="file:///usr/lib/python2.7/lib-dynload" />
        <root url="file:///usr/local/lib/python2.7/dist-packages" />
        <root url="file:///usr/lib/python2.7/dist-packages" />
        <root url="file:///usr/lib/python2.7/dist-packages/wx-3.0-gtk3" />
        <root url="file://$USER_HOME$/.cache/JetBrains/CLion2020.3/python_stubs/-2066100796" />
        <root url="file://$APPLICATION_HOME_DIR$/plugins/python-ce/helpers/python-skeletons" />
        <root url="file://$APPLICATION_HOME_DIR$/plugins/python-ce/helpers/typeshed/stdlib/2" />
        <root url="file://$APPLICATION_HOME_DIR$/plugins/python-ce/helpers/typeshed/stdlib/2and3" />
        <root url="file://$APPLICATION_HOME_DIR$/plugins/python-ce/helpers/typeshed/third_party/2" />
        <root url="file://$APPLICATION_HOME_DIR$/plugins/python-ce/helpers/typeshed/third_party/2and3" />
      </SOURCES>
    </library>
    <library name="Python 2.7 (hello_pkg) interpreter library">
      <CLASSES>
        <root url="file://$USER_HOME$/ws/first_ws/devel/lib/python2.7/dist-packages" />
        <root url="file:///opt/ros/melodic/lib/python2.7/dist-packages" />
        <root url="file:///usr/lib/python2.7" />
        <root url="file:///usr/lib/python2.7/plat-x86_64-linux-gnu" />
        <root url="file:///usr/lib/python2.7/lib-tk" />
        <root url="file:///usr/lib/python2.7/lib-dynload" />
        <root url="file:///usr/local/lib/python2.7/dist-packages" />
        <root url="file:///usr/lib/python2.7/dist-packages" />
        <root url="file:///usr/lib/python2.7/dist-packages/wx-3.0-gtk3" />
        <root url="file://$USER_HOME$/.cache/JetBrains/CLion2020.3/python_stubs/-2066100796" />
        <root url="file://$APPLICATION_HOME_DIR$/plugins/python-ce/helpers/python-skeletons" />
        <root url="file://$APPLICATION_HOME_DIR$/plugins/python-ce/helpers/typeshed/stdlib/2" />
        <root url="file://$APPLICATION_HOME_DIR$/plugins/python-ce/helpers/typeshed/stdlib/2and3" />
        <root url="file://$APPLICATION_HOME_DIR$/plugins/python-ce/helpers/typeshed/third_party/2" />
        <root url="file://$APPLICATION_HOME_DIR$/plugins/python-ce/helpers/typeshed/third_party/2and3" />
      </CLASSES>
      <SOURCES>
        <root url="file://$USER_HOME$/ws/first_ws/devel/lib/python2.7/dist-packages" />
        <root url="file:///opt/ros/melodic/lib/python2.7/dist-packages" />
        <root url="file:///usr/lib/python2.7" />
        <root url="file:///usr/lib/python2.7/plat-x86_64-linux-gnu" />
        <root url="file:///usr/lib/python2.7/lib-tk" />
        <root url="file:///usr/lib/python2.7/lib-dynload" />
        <root url="file:///usr/local/lib/python2.7/dist-packages" />
        <root url="file:///usr/lib/python2.7/dist-packages" />
        <root url="file:///usr/lib/python2.7/dist-packages/wx-3.0-gtk3" />
        <root url="file://$USER_HOME$/.cache/JetBrains/CLion2020.3/python_stubs/-2066100796" />
        <root url="file://$APPLICATION_HOME_DIR$/plugins/python-ce/helpers/python-skeletons" />
        <root url="file://$APPLICATION_HOME_DIR$/plugins/python-ce/helpers/typeshed/stdlib/2" />
        <root url="file://$APPLICATION_HOME_DIR$/plugins/python-ce/helpers/typeshed/stdlib/2and3" />
        <root url="file://$APPLICATION_HOME_DIR$/plugins/python-ce/helpers/typeshed/third_party/2" />
        <root url="file://$APPLICATION_HOME_DIR$/plugins/python-ce/helpers/typeshed/third_party/2and3" />
      </SOURCES>
    </library>
    <library name="Python 2.7 (hello_pkg) interpreter library">
      <CLASSES>
        <root url="file://$USER_HOME$/ws/first_ws/devel/lib/python2.7/dist-packages" />
        <root url="file:///opt/ros/melodic/lib/python2.7/dist-packages" />
        <root url="file:///usr/lib/python2.7" />
        <root url="file:///usr/lib/python2.7/plat-x86_64-linux-gnu" />
        <root url="file:///usr/lib/python2.7/lib-tk" />
        <root url="file:///usr/lib/python2.7/lib-dynload" />
        <root url="file:///usr/local/lib/python2.7/dist-packages" />
        <root url="file:///usr/lib/python2.7/dist-packages" />
        <root url="file:///usr/lib/python2.7/dist-packages/wx-3.0-gtk3" />
        <root url="file://$USER_HOME$/.cache/JetBrains/CLion2020.3/python_stubs/-2066100796" />
        <root url="file://$APPLICATION_HOME_DIR$/plugins/python-ce/helpers/python-skeletons" />
        <root url="file://$APPLICATION_HOME_DIR$/plugins/python-ce/helpers/typeshed/stdlib/2" />
        <root url="file://$APPLICATION_HOME_DIR$/plugins/python-ce/helpers/typeshed/stdlib/2and3" />
        <root url="file://$APPLICATION_HOME_DIR$/plugins/python-ce/helpers/typeshed/third_party/2" />
        <root url="file://$APPLICATION_HOME_DIR$/plugins/python-ce/helpers/typeshed/third_party/2and3" />
      </CLASSES>
      <SOURCES>
        <root url="file://$USER_HOME$/ws/first_ws/devel/lib/python2.7/dist-packages" />
        <root url="file:///opt/ros/melodic/lib/python2.7/dist-packages" />
        <root url="file:///usr/lib/python2.7" />
        <root url="file:///usr/lib/python2.7/plat-x86_64-linux-gnu" />
        <root url="file:///usr/lib/python2.7/lib-tk" />
        <root url="file:///usr/lib/python2.7/lib-dynload" />
        <root url="file:///usr/local/lib/python2.7/dist-packages" />
        <root url="file:///usr/lib/python2.7/dist-packages" />
        <root url="file:///usr/lib/python2.7/dist-packages/wx-3.0-gtk3" />
        <root url="file://$USER_HOME$/.cache/JetBrains/CLion2020.3/python_stubs/-2066100796" />
        <root url="file://$APPLICATION_HOME_DIR$/plugins/python-ce/helpers/python-skeletons" />
        <root url="file://$APPLICATION_HOME_DIR$/plugins/python-ce/helpers/typeshed/stdlib/2" />
        <root url="file://$APPLICATION_HOME_DIR$/plugins/python-ce/helpers/typeshed/stdlib/2and3" />
        <root url="file://$APPLICATION_HOME_DIR$/plugins/python-ce/helpers/typeshed/third_party/2" />
        <root url="file://$APPLICATION_HOME_DIR$/plugins/python-ce/helpers/typeshed/third_party/2and3" />
      </SOURCES>
    </library>
    <library name="Python 2.7 (hello_pkg) interpreter library">
      <CLASSES>
        <root url="file://$USER_HOME$/ws/first_ws/devel/lib/python2.7/dist-packages" />
        <root url="file:///opt/ros/melodic/lib/python2.7/dist-packages" />
        <root url="file:///usr/lib/python2.7" />
        <root url="file:///usr/lib/python2.7/plat-x86_64-linux-gnu" />
        <root url="file:///usr/lib/python2.7/lib-tk" />
        <root url="file:///usr/lib/python2.7/lib-dynload" />
        <root url="file:///usr/local/lib/python2.7/dist-packages" />
        <root url="file:///usr/lib/python2.7/dist-packages" />
        <root url="file:///usr/lib/python2.7/dist-packages/wx-3.0-gtk3" />
        <root url="file://$USER_HOME$/.cache/JetBrains/CLion2020.3/python_stubs/-2066100796" />
        <root url="file://$APPLICATION_HOME_DIR$/plugins/python-ce/helpers/python-skeletons" />
        <root url="file://$APPLICATION_HOME_DIR$/plugins/python-ce/helpers/typeshed/stdlib/2" />
        <root url="file://$APPLICATION_HOME_DIR$/plugins/python-ce/helpers/typeshed/stdlib/2and3" />
        <root url="file://$APPLICATION_HOME_DIR$/plugins/python-ce/helpers/typeshed/third_party/2" />
        <root url="file://$APPLICATION_HOME_DIR$/plugins/python-ce/helpers/typeshed/third_party/2and3" />
      </CLASSES>
      <SOURCES>
        <root url="file://$USER_HOME$/ws/first_ws/devel/lib/python2.7/dist-packages" />
        <root url="file:///opt/ros/melodic/lib/python2.7/dist-packages" />
        <root url="file:///usr/lib/python2.7" />
        <root url="file:///usr/lib/python2.7/plat-x86_64-linux-gnu" />
        <root url="file:///usr/lib/python2.7/lib-tk" />
        <root url="file:///usr/lib/python2.7/lib-dynload" />
        <root url="file:///usr/local/lib/python2.7/dist-packages" />
        <root url="file:///usr/lib/python2.7/dist-packages" />
        <root url="file:///usr/lib/python2.7/dist-packages/wx-3.0-gtk3" />
        <root url="file://$USER_HOME$/.cache/JetBrains/CLion2020.3/python_stubs/-2066100796" />
        <root url="file://$APPLICATION_HOME_DIR$/plugins/python-ce/helpers/python-skeletons" />
        <root url="file://$APPLICATION_HOME_DIR$/plugins/python-ce/helpers/typeshed/stdlib/2" />
        <root url="file://$APPLICATION_HOME_DIR$/plugins/python-ce/helpers/typeshed/stdlib/2and3" />
        <root url="file://$APPLICATION_HOME_DIR$/plugins/python-ce/helpers/typeshed/third_party/2" />
        <root url="file://$APPLICATION_HOME_DIR$/plugins/python-ce/helpers/typeshed/third_party/2and3" />
      </SOURCES>
    </library>
    <library name="Python 2.7 (hello_pkg) interpreter library">
      <CLASSES>
        <root url="file:///opt/ros/melodic/lib/python2.7/dist-packages" />
        <root url="file:///usr/lib/python2.7" />
        <root url="file:///usr/lib/python2.7/plat-x86_64-linux-gnu" />
        <root url="file:///usr/lib/python2.7/lib-tk" />
        <root url="file:///usr/lib/python2.7/lib-dynload" />
        <root url="file:///usr/local/lib/python2.7/dist-packages" />
        <root url="file:///usr/lib/python2.7/dist-packages" />
        <root url="file:///usr/lib/python2.7/dist-packages/wx-3.0-gtk3" />
        <root url="file://$USER_HOME$/.cache/JetBrains/CLion2020.3/python_stubs/-2066100796" />
        <root url="file://$APPLICATION_HOME_DIR$/plugins/python-ce/helpers/python-skeletons" />
        <root url="file://$APPLICATION_HOME_DIR$/plugins/python-ce/helpers/typeshed/stdlib/2" />
        <root url="file://$APPLICATION_HOME_DIR$/plugins/python-ce/helpers/typeshed/stdlib/2and3" />
        <root url="file://$APPLICATION_HOME_DIR$/plugins/python-ce/helpers/typeshed/third_party/2" />
        <root url="file://$APPLICATION_HOME_DIR$/plugins/python-ce/helpers/typeshed/third_party/2and3" />
      </CLASSES>
      <SOURCES>
        <root url="file:///opt/ros/melodic/lib/python2.7/dist-packages" />
        <root url="file:///usr/lib/python2.7" />
        <root url="file:///usr/lib/python2.7/plat-x86_64-linux-gnu" />
        <root url="file:///usr/lib/python2.7/lib-tk" />
        <root url="file:///usr/lib/python2.7/lib-dynload" />
        <root url="file:///usr/local/lib/python2.7/dist-packages" />
        <root url="file:///usr/lib/python2.7/dist-packages" />
        <root url="file:///usr/lib/python2.7/dist-packages/wx-3.0-gtk3" />
        <root url="file://$USER_HOME$/.cache/JetBrains/CLion2020.3/python_stubs/-2066100796" />
        <root url="file://$APPLICATION_HOME_DIR$/plugins/python-ce/helpers/python-skeletons" />
        <root url="file://$APPLICATION_HOME_DIR$/plugins/python-ce/helpers/typeshed/stdlib/2" />
        <root url="file://$APPLICATION_HOME_DIR$/plugins/python-ce/helpers/typeshed/stdlib/2and3" />
        <root url="file://$APPLICATION_HOME_DIR$/plugins/python-ce/helpers/typeshed/third_party/2" />
        <root url="file://$APPLICATION_HOME_DIR$/plugins/python-ce/helpers/typeshed/third_party/2and3" />
      </SOURCES>
    </library>
    <library name="Python 2.7 (hello_pkg) interpreter library">
      <CLASSES>
        <root url="file://$USER_HOME$/ws/first_ws/devel/lib/python2.7/dist-packages" />
        <root url="file:///opt/ros/melodic/lib/python2.7/dist-packages" />
        <root url="file:///usr/lib/python2.7" />
        <root url="file:///usr/lib/python2.7/plat-x86_64-linux-gnu" />
        <root url="file:///usr/lib/python2.7/lib-tk" />
        <root url="file:///usr/lib/python2.7/lib-dynload" />
        <root url="file:///usr/local/lib/python2.7/dist-packages" />
        <root url="file:///usr/lib/python2.7/dist-packages" />
        <root url="file:///usr/lib/python2.7/dist-packages/wx-3.0-gtk3" />
        <root url="file://$USER_HOME$/.cache/JetBrains/CLion2020.3/python_stubs/-2066100796" />
        <root url="file://$APPLICATION_HOME_DIR$/plugins/python-ce/helpers/python-skeletons" />
        <root url="file://$APPLICATION_HOME_DIR$/plugins/python-ce/helpers/typeshed/stdlib/2" />
        <root url="file://$APPLICATION_HOME_DIR$/plugins/python-ce/helpers/typeshed/stdlib/2and3" />
        <root url="file://$APPLICATION_HOME_DIR$/plugins/python-ce/helpers/typeshed/third_party/2" />
        <root url="file://$APPLICATION_HOME_DIR$/plugins/python-ce/helpers/typeshed/third_party/2and3" />
      </CLASSES>
      <SOURCES>
        <root url="file://$USER_HOME$/ws/first_ws/devel/lib/python2.7/dist-packages" />
        <root url="file:///opt/ros/melodic/lib/python2.7/dist-packages" />
        <root url="file:///usr/lib/python2.7" />
        <root url="file:///usr/lib/python2.7/plat-x86_64-linux-gnu" />
        <root url="file:///usr/lib/python2.7/lib-tk" />
        <root url="file:///usr/lib/python2.7/lib-dynload" />
        <root url="file:///usr/local/lib/python2.7/dist-packages" />
        <root url="file:///usr/lib/python2.7/dist-packages" />
        <root url="file:///usr/lib/python2.7/dist-packages/wx-3.0-gtk3" />
        <root url="file://$USER_HOME$/.cache/JetBrains/CLion2020.3/python_stubs/-2066100796" />
        <root url="file://$APPLICATION_HOME_DIR$/plugins/python-ce/helpers/python-skeletons" />
        <root url="file://$APPLICATION_HOME_DIR$/plugins/python-ce/helpers/typeshed/stdlib/2" />
        <root url="file://$APPLICATION_HOME_DIR$/plugins/python-ce/helpers/typeshed/stdlib/2and3" />
        <root url="file://$APPLICATION_HOME_DIR$/plugins/python-ce/helpers/typeshed/third_party/2" />
        <root url="file://$APPLICATION_HOME_DIR$/plugins/python-ce/helpers/typeshed/third_party/2and3" />
      </SOURCES>
    </library>
    <library name="Python 2.7 (hello_pkg) interpreter library">
      <CLASSES>
        <root url="file://$USER_HOME$/ws/first_ws/devel/lib/python2.7/dist-packages" />
        <root url="file:///opt/ros/melodic/lib/python2.7/dist-packages" />
        <root url="file:///usr/lib/python2.7" />
        <root url="file:///usr/lib/python2.7/plat-x86_64-linux-gnu" />
        <root url="file:///usr/lib/python2.7/lib-tk" />
        <root url="file:///usr/lib/python2.7/lib-dynload" />
        <root url="file:///usr/local/lib/python2.7/dist-packages" />
        <root url="file:///usr/lib/python2.7/dist-packages" />
        <root url="file:///usr/lib/python2.7/dist-packages/wx-3.0-gtk3" />
        <root url="file://$USER_HOME$/.cache/JetBrains/CLion2020.3/python_stubs/-2066100796" />
        <root url="file://$APPLICATION_HOME_DIR$/plugins/python-ce/helpers/python-skeletons" />
        <root url="file://$APPLICATION_HOME_DIR$/plugins/python-ce/helpers/typeshed/stdlib/2" />
        <root url="file://$APPLICATION_HOME_DIR$/plugins/python-ce/helpers/typeshed/stdlib/2and3" />
        <root url="file://$APPLICATION_HOME_DIR$/plugins/python-ce/helpers/typeshed/third_party/2" />
        <root url="file://$APPLICATION_HOME_DIR$/plugins/python-ce/helpers/typeshed/third_party/2and3" />
      </CLASSES>
      <SOURCES>
        <root url="file://$USER_HOME$/ws/first_ws/devel/lib/python2.7/dist-packages" />
        <root url="file:///opt/ros/melodic/lib/python2.7/dist-packages" />
        <root url="file:///usr/lib/python2.7" />
        <root url="file:///usr/lib/python2.7/plat-x86_64-linux-gnu" />
        <root url="file:///usr/lib/python2.7/lib-tk" />
        <root url="file:///usr/lib/python2.7/lib-dynload" />
        <root url="file:///usr/local/lib/python2.7/dist-packages" />
        <root url="file:///usr/lib/python2.7/dist-packages" />
        <root url="file:///usr/lib/python2.7/dist-packages/wx-3.0-gtk3" />
        <root url="file://$USER_HOME$/.cache/JetBrains/CLion2020.3/python_stubs/-2066100796" />
        <root url="file://$APPLICATION_HOME_DIR$/plugins/python-ce/helpers/python-skeletons" />
        <root url="file://$APPLICATION_HOME_DIR$/plugins/python-ce/helpers/typeshed/stdlib/2" />
        <root url="file://$APPLICATION_HOME_DIR$/plugins/python-ce/helpers/typeshed/stdlib/2and3" />
        <root url="file://$APPLICATION_HOME_DIR$/plugins/python-ce/helpers/typeshed/third_party/2" />
        <root url="file://$APPLICATION_HOME_DIR$/plugins/python-ce/helpers/typeshed/third_party/2and3" />
      </SOURCES>
    </library>
    <library name="Python 2.7 (hello_pkg) interpreter library">
      <CLASSES>
        <root url="file://$USER_HOME$/ws/first_ws/devel/lib/python2.7/dist-packages" />
        <root url="file:///opt/ros/melodic/lib/python2.7/dist-packages" />
        <root url="file:///usr/lib/python2.7" />
        <root url="file:///usr/lib/python2.7/plat-x86_64-linux-gnu" />
        <root url="file:///usr/lib/python2.7/lib-tk" />
        <root url="file:///usr/lib/python2.7/lib-dynload" />
        <root url="file:///usr/local/lib/python2.7/dist-packages" />
        <root url="file:///usr/lib/python2.7/dist-packages" />
        <root url="file:///usr/lib/python2.7/dist-packages/wx-3.0-gtk3" />
        <root url="file://$USER_HOME$/.cache/JetBrains/CLion2020.3/python_stubs/-2066100796" />
        <root url="file://$APPLICATION_HOME_DIR$/plugins/python-ce/helpers/python-skeletons" />
        <root url="file://$APPLICATION_HOME_DIR$/plugins/python-ce/helpers/typeshed/stdlib/2" />
        <root url="file://$APPLICATION_HOME_DIR$/plugins/python-ce/helpers/typeshed/stdlib/2and3" />
        <root url="file://$APPLICATION_HOME_DIR$/plugins/python-ce/helpers/typeshed/third_party/2" />
        <root url="file://$APPLICATION_HOME_DIR$/plugins/python-ce/helpers/typeshed/third_party/2and3" />
      </CLASSES>
      <SOURCES>
        <root url="file://$USER_HOME$/ws/first_ws/devel/lib/python2.7/dist-packages" />
        <root url="file:///opt/ros/melodic/lib/python2.7/dist-packages" />
        <root url="file:///usr/lib/python2.7" />
        <root url="file:///usr/lib/python2.7/plat-x86_64-linux-gnu" />
        <root url="file:///usr/lib/python2.7/lib-tk" />
        <root url="file:///usr/lib/python2.7/lib-dynload" />
        <root url="file:///usr/local/lib/python2.7/dist-packages" />
        <root url="file:///usr/lib/python2.7/dist-packages" />
        <root url="file:///usr/lib/python2.7/dist-packages/wx-3.0-gtk3" />
        <root url="file://$USER_HOME$/.cache/JetBrains/CLion2020.3/python_stubs/-2066100796" />
        <root url="file://$APPLICATION_HOME_DIR$/plugins/python-ce/helpers/python-skeletons" />
        <root url="file://$APPLICATION_HOME_DIR$/plugins/python-ce/helpers/typeshed/stdlib/2" />
        <root url="file://$APPLICATION_HOME_DIR$/plugins/python-ce/helpers/typeshed/stdlib/2and3" />
        <root url="file://$APPLICATION_HOME_DIR$/plugins/python-ce/helpers/typeshed/third_party/2" />
        <root url="file://$APPLICATION_HOME_DIR$/plugins/python-ce/helpers/typeshed/third_party/2and3" />
      </SOURCES>
    </library>
    <library name="Python 2.7 (hello_pkg) interpreter library">
      <CLASSES>
        <root url="file://$USER_HOME$/ws/first_ws/devel/lib/python2.7/dist-packages" />
        <root url="file:///opt/ros/melodic/lib/python2.7/dist-packages" />
        <root url="file:///usr/lib/python2.7" />
        <root url="file:///usr/lib/python2.7/plat-x86_64-linux-gnu" />
        <root url="file:///usr/lib/python2.7/lib-tk" />
        <root url="file:///usr/lib/python2.7/lib-dynload" />
        <root url="file:///usr/local/lib/python2.7/dist-packages" />
        <root url="file:///usr/lib/python2.7/dist-packages" />
        <root url="file:///usr/lib/python2.7/dist-packages/wx-3.0-gtk3" />
        <root url="file://$USER_HOME$/.cache/JetBrains/CLion2020.3/python_stubs/-2066100796" />
        <root url="file://$APPLICATION_HOME_DIR$/plugins/python-ce/helpers/python-skeletons" />
        <root url="file://$APPLICATION_HOME_DIR$/plugins/python-ce/helpers/typeshed/stdlib/2" />
        <root url="file://$APPLICATION_HOME_DIR$/plugins/python-ce/helpers/typeshed/stdlib/2and3" />
        <root url="file://$APPLICATION_HOME_DIR$/plugins/python-ce/helpers/typeshed/third_party/2" />
        <root url="file://$APPLICATION_HOME_DIR$/plugins/python-ce/helpers/typeshed/third_party/2and3" />
      </CLASSES>
      <SOURCES>
        <root url="file://$USER_HOME$/ws/first_ws/devel/lib/python2.7/dist-packages" />
        <root url="file:///opt/ros/melodic/lib/python2.7/dist-packages" />
        <root url="file:///usr/lib/python2.7" />
        <root url="file:///usr/lib/python2.7/plat-x86_64-linux-gnu" />
        <root url="file:///usr/lib/python2.7/lib-tk" />
        <root url="file:///usr/lib/python2.7/lib-dynload" />
        <root url="file:///usr/local/lib/python2.7/dist-packages" />
        <root url="file:///usr/lib/python2.7/dist-packages" />
        <root url="file:///usr/lib/python2.7/dist-packages/wx-3.0-gtk3" />
        <root url="file://$USER_HOME$/.cache/JetBrains/CLion2020.3/python_stubs/-2066100796" />
        <root url="file://$APPLICATION_HOME_DIR$/plugins/python-ce/helpers/python-skeletons" />
        <root url="file://$APPLICATION_HOME_DIR$/plugins/python-ce/helpers/typeshed/stdlib/2" />
        <root url="file://$APPLICATION_HOME_DIR$/plugins/python-ce/helpers/typeshed/stdlib/2and3" />
        <root url="file://$APPLICATION_HOME_DIR$/plugins/python-ce/helpers/typeshed/third_party/2" />
        <root url="file://$APPLICATION_HOME_DIR$/plugins/python-ce/helpers/typeshed/third_party/2and3" />
      </SOURCES>
    </library>
    <library name="Python 2.7 (hello_pkg) interpreter library">
      <CLASSES>
        <root url="file://$USER_HOME$/ws/first_ws/devel/lib/python2.7/dist-packages" />
        <root url="file:///opt/ros/melodic/lib/python2.7/dist-packages" />
        <root url="file:///usr/lib/python2.7" />
        <root url="file:///usr/lib/python2.7/plat-x86_64-linux-gnu" />
        <root url="file:///usr/lib/python2.7/lib-tk" />
        <root url="file:///usr/lib/python2.7/lib-dynload" />
        <root url="file:///usr/local/lib/python2.7/dist-packages" />
        <root url="file:///usr/lib/python2.7/dist-packages" />
        <root url="file:///usr/lib/python2.7/dist-packages/wx-3.0-gtk3" />
        <root url="file://$USER_HOME$/.cache/JetBrains/CLion2020.3/python_stubs/-2066100796" />
        <root url="file://$APPLICATION_HOME_DIR$/plugins/python-ce/helpers/python-skeletons" />
        <root url="file://$APPLICATION_HOME_DIR$/plugins/python-ce/helpers/typeshed/stdlib/2" />
        <root url="file://$APPLICATION_HOME_DIR$/plugins/python-ce/helpers/typeshed/stdlib/2and3" />
        <root url="file://$APPLICATION_HOME_DIR$/plugins/python-ce/helpers/typeshed/third_party/2" />
        <root url="file://$APPLICATION_HOME_DIR$/plugins/python-ce/helpers/typeshed/third_party/2and3" />
      </CLASSES>
      <SOURCES>
        <root url="file://$USER_HOME$/ws/first_ws/devel/lib/python2.7/dist-packages" />
        <root url="file:///opt/ros/melodic/lib/python2.7/dist-packages" />
        <root url="file:///usr/lib/python2.7" />
        <root url="file:///usr/lib/python2.7/plat-x86_64-linux-gnu" />
        <root url="file:///usr/lib/python2.7/lib-tk" />
        <root url="file:///usr/lib/python2.7/lib-dynload" />
        <root url="file:///usr/local/lib/python2.7/dist-packages" />
        <root url="file:///usr/lib/python2.7/dist-packages" />
        <root url="file:///usr/lib/python2.7/dist-packages/wx-3.0-gtk3" />
        <root url="file://$USER_HOME$/.cache/JetBrains/CLion2020.3/python_stubs/-2066100796" />
        <root url="file://$APPLICATION_HOME_DIR$/plugins/python-ce/helpers/python-skeletons" />
        <root url="file://$APPLICATION_HOME_DIR$/plugins/python-ce/helpers/typeshed/stdlib/2" />
        <root url="file://$APPLICATION_HOME_DIR$/plugins/python-ce/helpers/typeshed/stdlib/2and3" />
        <root url="file://$APPLICATION_HOME_DIR$/plugins/python-ce/helpers/typeshed/third_party/2" />
        <root url="file://$APPLICATION_HOME_DIR$/plugins/python-ce/helpers/typeshed/third_party/2and3" />
      </SOURCES>
    </library>
    <library name="Python 2.7 (hello_pkg) interpreter library">
      <CLASSES>
        <root url="file://$USER_HOME$/ws/first_ws/devel/lib/python2.7/dist-packages" />
        <root url="file:///opt/ros/melodic/lib/python2.7/dist-packages" />
        <root url="file:///usr/lib/python2.7" />
        <root url="file:///usr/lib/python2.7/plat-x86_64-linux-gnu" />
        <root url="file:///usr/lib/python2.7/lib-tk" />
        <root url="file:///usr/lib/python2.7/lib-dynload" />
        <root url="file:///usr/local/lib/python2.7/dist-packages" />
        <root url="file:///usr/lib/python2.7/dist-packages" />
        <root url="file:///usr/lib/python2.7/dist-packages/wx-3.0-gtk3" />
        <root url="file://$USER_HOME$/.cache/JetBrains/CLion2020.3/python_stubs/-2066100796" />
        <root url="file://$APPLICATION_HOME_DIR$/plugins/python-ce/helpers/python-skeletons" />
        <root url="file://$APPLICATION_HOME_DIR$/plugins/python-ce/helpers/typeshed/stdlib/2" />
        <root url="file://$APPLICATION_HOME_DIR$/plugins/python-ce/helpers/typeshed/stdlib/2and3" />
        <root url="file://$APPLICATION_HOME_DIR$/plugins/python-ce/helpers/typeshed/third_party/2" />
        <root url="file://$APPLICATION_HOME_DIR$/plugins/python-ce/helpers/typeshed/third_party/2and3" />
      </CLASSES>
      <SOURCES>
        <root url="file://$USER_HOME$/ws/first_ws/devel/lib/python2.7/dist-packages" />
        <root url="file:///opt/ros/melodic/lib/python2.7/dist-packages" />
        <root url="file:///usr/lib/python2.7" />
        <root url="file:///usr/lib/python2.7/plat-x86_64-linux-gnu" />
        <root url="file:///usr/lib/python2.7/lib-tk" />
        <root url="file:///usr/lib/python2.7/lib-dynload" />
        <root url="file:///usr/local/lib/python2.7/dist-packages" />
        <root url="file:///usr/lib/python2.7/dist-packages" />
        <root url="file:///usr/lib/python2.7/dist-packages/wx-3.0-gtk3" />
        <root url="file://$USER_HOME$/.cache/JetBrains/CLion2020.3/python_stubs/-2066100796" />
        <root url="file://$APPLICATION_HOME_DIR$/plugins/python-ce/helpers/python-skeletons" />
        <root url="file://$APPLICATION_HOME_DIR$/plugins/python-ce/helpers/typeshed/stdlib/2" />
        <root url="file://$APPLICATION_HOME_DIR$/plugins/python-ce/helpers/typeshed/stdlib/2and3" />
        <root url="file://$APPLICATION_HOME_DIR$/plugins/python-ce/helpers/typeshed/third_party/2" />
        <root url="file://$APPLICATION_HOME_DIR$/plugins/python-ce/helpers/typeshed/third_party/2and3" />
      </SOURCES>
    </library>
    <library name="Python 2.7 (hello_pkg) interpreter library">
      <CLASSES>
        <root url="file://$USER_HOME$/ws/first_ws/devel/lib/python2.7/dist-packages" />
        <root url="file:///opt/ros/melodic/lib/python2.7/dist-packages" />
        <root url="file:///usr/lib/python2.7" />
        <root url="file:///usr/lib/python2.7/plat-x86_64-linux-gnu" />
        <root url="file:///usr/lib/python2.7/lib-tk" />
        <root url="file:///usr/lib/python2.7/lib-dynload" />
        <root url="file:///usr/local/lib/python2.7/dist-packages" />
        <root url="file:///usr/lib/python2.7/dist-packages" />
        <root url="file:///usr/lib/python2.7/dist-packages/wx-3.0-gtk3" />
        <root url="file://$USER_HOME$/.cache/JetBrains/CLion2020.3/python_stubs/-2066100796" />
        <root url="file://$APPLICATION_HOME_DIR$/plugins/python-ce/helpers/python-skeletons" />
        <root url="file://$APPLICATION_HOME_DIR$/plugins/python-ce/helpers/typeshed/stdlib/2" />
        <root url="file://$APPLICATION_HOME_DIR$/plugins/python-ce/helpers/typeshed/stdlib/2and3" />
        <root url="file://$APPLICATION_HOME_DIR$/plugins/python-ce/helpers/typeshed/third_party/2" />
        <root url="file://$APPLICATION_HOME_DIR$/plugins/python-ce/helpers/typeshed/third_party/2and3" />
      </CLASSES>
      <SOURCES>
        <root url="file://$USER_HOME$/ws/first_ws/devel/lib/python2.7/dist-packages" />
        <root url="file:///opt/ros/melodic/lib/python2.7/dist-packages" />
        <root url="file:///usr/lib/python2.7" />
        <root url="file:///usr/lib/python2.7/plat-x86_64-linux-gnu" />
        <root url="file:///usr/lib/python2.7/lib-tk" />
        <root url="file:///usr/lib/python2.7/lib-dynload" />
        <root url="file:///usr/local/lib/python2.7/dist-packages" />
        <root url="file:///usr/lib/python2.7/dist-packages" />
        <root url="file:///usr/lib/python2.7/dist-packages/wx-3.0-gtk3" />
        <root url="file://$USER_HOME$/.cache/JetBrains/CLion2020.3/python_stubs/-2066100796" />
        <root url="file://$APPLICATION_HOME_DIR$/plugins/python-ce/helpers/python-skeletons" />
        <root url="file://$APPLICATION_HOME_DIR$/plugins/python-ce/helpers/typeshed/stdlib/2" />
        <root url="file://$APPLICATION_HOME_DIR$/plugins/python-ce/helpers/typeshed/stdlib/2and3" />
        <root url="file://$APPLICATION_HOME_DIR$/plugins/python-ce/helpers/typeshed/third_party/2" />
        <root url="file://$APPLICATION_HOME_DIR$/plugins/python-ce/helpers/typeshed/third_party/2and3" />
      </SOURCES>
    </library>
    <library name="Python 2.7 (hello_pkg) interpreter library">
      <CLASSES>
        <root url="file://$USER_HOME$/ws/first_ws/devel/lib/python2.7/dist-packages" />
        <root url="file:///opt/ros/melodic/lib/python2.7/dist-packages" />
        <root url="file:///usr/lib/python2.7" />
        <root url="file:///usr/lib/python2.7/plat-x86_64-linux-gnu" />
        <root url="file:///usr/lib/python2.7/lib-tk" />
        <root url="file:///usr/lib/python2.7/lib-dynload" />
        <root url="file:///usr/local/lib/python2.7/dist-packages" />
        <root url="file:///usr/lib/python2.7/dist-packages" />
        <root url="file:///usr/lib/python2.7/dist-packages/wx-3.0-gtk3" />
        <root url="file://$USER_HOME$/.cache/JetBrains/CLion2020.3/python_stubs/-2066100796" />
        <root url="file://$APPLICATION_HOME_DIR$/plugins/python-ce/helpers/python-skeletons" />
        <root url="file://$APPLICATION_HOME_DIR$/plugins/python-ce/helpers/typeshed/stdlib/2" />
        <root url="file://$APPLICATION_HOME_DIR$/plugins/python-ce/helpers/typeshed/stdlib/2and3" />
        <root url="file://$APPLICATION_HOME_DIR$/plugins/python-ce/helpers/typeshed/third_party/2" />
        <root url="file://$APPLICATION_HOME_DIR$/plugins/python-ce/helpers/typeshed/third_party/2and3" />
      </CLASSES>
      <SOURCES>
        <root url="file://$USER_HOME$/ws/first_ws/devel/lib/python2.7/dist-packages" />
        <root url="file:///opt/ros/melodic/lib/python2.7/dist-packages" />
        <root url="file:///usr/lib/python2.7" />
        <root url="file:///usr/lib/python2.7/plat-x86_64-linux-gnu" />
        <root url="file:///usr/lib/python2.7/lib-tk" />
        <root url="file:///usr/lib/python2.7/lib-dynload" />
        <root url="file:///usr/local/lib/python2.7/dist-packages" />
        <root url="file:///usr/lib/python2.7/dist-packages" />
        <root url="file:///usr/lib/python2.7/dist-packages/wx-3.0-gtk3" />
        <root url="file://$USER_HOME$/.cache/JetBrains/CLion2020.3/python_stubs/-2066100796" />
        <root url="file://$APPLICATION_HOME_DIR$/plugins/python-ce/helpers/python-skeletons" />
        <root url="file://$APPLICATION_HOME_DIR$/plugins/python-ce/helpers/typeshed/stdlib/2" />
        <root url="file://$APPLICATION_HOME_DIR$/plugins/python-ce/helpers/typeshed/stdlib/2and3" />
        <root url="file://$APPLICATION_HOME_DIR$/plugins/python-ce/helpers/typeshed/third_party/2" />
        <root url="file://$APPLICATION_HOME_DIR$/plugins/python-ce/helpers/typeshed/third_party/2and3" />
      </SOURCES>
    </library>
    <library name="Python 2.7 (hello_pkg) interpreter library">
      <CLASSES>
        <root url="file://$USER_HOME$/ws/first_ws/devel/lib/python2.7/dist-packages" />
        <root url="file:///opt/ros/melodic/lib/python2.7/dist-packages" />
        <root url="file:///usr/lib/python2.7" />
        <root url="file:///usr/lib/python2.7/plat-x86_64-linux-gnu" />
        <root url="file:///usr/lib/python2.7/lib-tk" />
        <root url="file:///usr/lib/python2.7/lib-dynload" />
        <root url="file:///usr/local/lib/python2.7/dist-packages" />
        <root url="file:///usr/lib/python2.7/dist-packages" />
        <root url="file:///usr/lib/python2.7/dist-packages/wx-3.0-gtk3" />
        <root url="file://$USER_HOME$/.cache/JetBrains/CLion2020.3/python_stubs/-2066100796" />
        <root url="file://$APPLICATION_HOME_DIR$/plugins/python-ce/helpers/python-skeletons" />
        <root url="file://$APPLICATION_HOME_DIR$/plugins/python-ce/helpers/typeshed/stdlib/2" />
        <root url="file://$APPLICATION_HOME_DIR$/plugins/python-ce/helpers/typeshed/stdlib/2and3" />
        <root url="file://$APPLICATION_HOME_DIR$/plugins/python-ce/helpers/typeshed/third_party/2" />
        <root url="file://$APPLICATION_HOME_DIR$/plugins/python-ce/helpers/typeshed/third_party/2and3" />
      </CLASSES>
      <SOURCES>
        <root url="file://$USER_HOME$/ws/first_ws/devel/lib/python2.7/dist-packages" />
        <root url="file:///opt/ros/melodic/lib/python2.7/dist-packages" />
        <root url="file:///usr/lib/python2.7" />
        <root url="file:///usr/lib/python2.7/plat-x86_64-linux-gnu" />
        <root url="file:///usr/lib/python2.7/lib-tk" />
        <root url="file:///usr/lib/python2.7/lib-dynload" />
        <root url="file:///usr/local/lib/python2.7/dist-packages" />
        <root url="file:///usr/lib/python2.7/dist-packages" />
        <root url="file:///usr/lib/python2.7/dist-packages/wx-3.0-gtk3" />
        <root url="file://$USER_HOME$/.cache/JetBrains/CLion2020.3/python_stubs/-2066100796" />
        <root url="file://$APPLICATION_HOME_DIR$/plugins/python-ce/helpers/python-skeletons" />
        <root url="file://$APPLICATION_HOME_DIR$/plugins/python-ce/helpers/typeshed/stdlib/2" />
        <root url="file://$APPLICATION_HOME_DIR$/plugins/python-ce/helpers/typeshed/stdlib/2and3" />
        <root url="file://$APPLICATION_HOME_DIR$/plugins/python-ce/helpers/typeshed/third_party/2" />
        <root url="file://$APPLICATION_HOME_DIR$/plugins/python-ce/helpers/typeshed/third_party/2and3" />
      </SOURCES>
    </library>
    <library name="Python 2.7 (hello_pkg) interpreter library">
      <CLASSES>
        <root url="file://$USER_HOME$/ws/first_ws/devel/lib/python2.7/dist-packages" />
        <root url="file:///opt/ros/melodic/lib/python2.7/dist-packages" />
        <root url="file:///usr/lib/python2.7" />
        <root url="file:///usr/lib/python2.7/plat-x86_64-linux-gnu" />
        <root url="file:///usr/lib/python2.7/lib-tk" />
        <root url="file:///usr/lib/python2.7/lib-dynload" />
        <root url="file:///usr/local/lib/python2.7/dist-packages" />
        <root url="file:///usr/lib/python2.7/dist-packages" />
        <root url="file:///usr/lib/python2.7/dist-packages/wx-3.0-gtk3" />
        <root url="file://$USER_HOME$/.cache/JetBrains/CLion2020.3/python_stubs/-2066100796" />
        <root url="file://$APPLICATION_HOME_DIR$/plugins/python-ce/helpers/python-skeletons" />
        <root url="file://$APPLICATION_HOME_DIR$/plugins/python-ce/helpers/typeshed/stdlib/2" />
        <root url="file://$APPLICATION_HOME_DIR$/plugins/python-ce/helpers/typeshed/stdlib/2and3" />
        <root url="file://$APPLICATION_HOME_DIR$/plugins/python-ce/helpers/typeshed/third_party/2" />
        <root url="file://$APPLICATION_HOME_DIR$/plugins/python-ce/helpers/typeshed/third_party/2and3" />
      </CLASSES>
      <SOURCES>
        <root url="file://$USER_HOME$/ws/first_ws/devel/lib/python2.7/dist-packages" />
        <root url="file:///opt/ros/melodic/lib/python2.7/dist-packages" />
        <root url="file:///usr/lib/python2.7" />
        <root url="file:///usr/lib/python2.7/plat-x86_64-linux-gnu" />
        <root url="file:///usr/lib/python2.7/lib-tk" />
        <root url="file:///usr/lib/python2.7/lib-dynload" />
        <root url="file:///usr/local/lib/python2.7/dist-packages" />
        <root url="file:///usr/lib/python2.7/dist-packages" />
        <root url="file:///usr/lib/python2.7/dist-packages/wx-3.0-gtk3" />
        <root url="file://$USER_HOME$/.cache/JetBrains/CLion2020.3/python_stubs/-2066100796" />
        <root url="file://$APPLICATION_HOME_DIR$/plugins/python-ce/helpers/python-skeletons" />
        <root url="file://$APPLICATION_HOME_DIR$/plugins/python-ce/helpers/typeshed/stdlib/2" />
        <root url="file://$APPLICATION_HOME_DIR$/plugins/python-ce/helpers/typeshed/stdlib/2and3" />
        <root url="file://$APPLICATION_HOME_DIR$/plugins/python-ce/helpers/typeshed/third_party/2" />
        <root url="file://$APPLICATION_HOME_DIR$/plugins/python-ce/helpers/typeshed/third_party/2and3" />
      </SOURCES>
    </library>
    <library name="Python 2.7 (hello_pkg) interpreter library">
      <CLASSES>
        <root url="file://$USER_HOME$/ws/first_ws/devel/lib/python2.7/dist-packages" />
        <root url="file:///opt/ros/melodic/lib/python2.7/dist-packages" />
        <root url="file:///usr/lib/python2.7" />
        <root url="file:///usr/lib/python2.7/plat-x86_64-linux-gnu" />
        <root url="file:///usr/lib/python2.7/lib-tk" />
        <root url="file:///usr/lib/python2.7/lib-dynload" />
        <root url="file:///usr/local/lib/python2.7/dist-packages" />
        <root url="file:///usr/lib/python2.7/dist-packages" />
        <root url="file:///usr/lib/python2.7/dist-packages/wx-3.0-gtk3" />
        <root url="file://$USER_HOME$/.cache/JetBrains/CLion2020.3/python_stubs/-2066100796" />
        <root url="file://$APPLICATION_HOME_DIR$/plugins/python-ce/helpers/python-skeletons" />
        <root url="file://$APPLICATION_HOME_DIR$/plugins/python-ce/helpers/typeshed/stdlib/2" />
        <root url="file://$APPLICATION_HOME_DIR$/plugins/python-ce/helpers/typeshed/stdlib/2and3" />
        <root url="file://$APPLICATION_HOME_DIR$/plugins/python-ce/helpers/typeshed/third_party/2" />
        <root url="file://$APPLICATION_HOME_DIR$/plugins/python-ce/helpers/typeshed/third_party/2and3" />
      </CLASSES>
      <SOURCES>
        <root url="file://$USER_HOME$/ws/first_ws/devel/lib/python2.7/dist-packages" />
        <root url="file:///opt/ros/melodic/lib/python2.7/dist-packages" />
        <root url="file:///usr/lib/python2.7" />
        <root url="file:///usr/lib/python2.7/plat-x86_64-linux-gnu" />
        <root url="file:///usr/lib/python2.7/lib-tk" />
        <root url="file:///usr/lib/python2.7/lib-dynload" />
        <root url="file:///usr/local/lib/python2.7/dist-packages" />
        <root url="file:///usr/lib/python2.7/dist-packages" />
        <root url="file:///usr/lib/python2.7/dist-packages/wx-3.0-gtk3" />
        <root url="file://$USER_HOME$/.cache/JetBrains/CLion2020.3/python_stubs/-2066100796" />
        <root url="file://$APPLICATION_HOME_DIR$/plugins/python-ce/helpers/python-skeletons" />
        <root url="file://$APPLICATION_HOME_DIR$/plugins/python-ce/helpers/typeshed/stdlib/2" />
        <root url="file://$APPLICATION_HOME_DIR$/plugins/python-ce/helpers/typeshed/stdlib/2and3" />
        <root url="file://$APPLICATION_HOME_DIR$/plugins/python-ce/helpers/typeshed/third_party/2" />
        <root url="file://$APPLICATION_HOME_DIR$/plugins/python-ce/helpers/typeshed/third_party/2and3" />
      </SOURCES>
    </library>
    <library name="Python 2.7 (hello_pkg) interpreter library">
      <CLASSES>
        <root url="file://$USER_HOME$/ws/first_ws/devel/lib/python2.7/dist-packages" />
        <root url="file:///opt/ros/melodic/lib/python2.7/dist-packages" />
        <root url="file:///usr/lib/python2.7" />
        <root url="file:///usr/lib/python2.7/plat-x86_64-linux-gnu" />
        <root url="file:///usr/lib/python2.7/lib-tk" />
        <root url="file:///usr/lib/python2.7/lib-dynload" />
        <root url="file:///usr/local/lib/python2.7/dist-packages" />
        <root url="file:///usr/lib/python2.7/dist-packages" />
        <root url="file:///usr/lib/python2.7/dist-packages/wx-3.0-gtk3" />
        <root url="file://$USER_HOME$/.cache/JetBrains/CLion2020.3/python_stubs/-2066100796" />
        <root url="file://$APPLICATION_HOME_DIR$/plugins/python-ce/helpers/python-skeletons" />
        <root url="file://$APPLICATION_HOME_DIR$/plugins/python-ce/helpers/typeshed/stdlib/2" />
        <root url="file://$APPLICATION_HOME_DIR$/plugins/python-ce/helpers/typeshed/stdlib/2and3" />
        <root url="file://$APPLICATION_HOME_DIR$/plugins/python-ce/helpers/typeshed/third_party/2" />
        <root url="file://$APPLICATION_HOME_DIR$/plugins/python-ce/helpers/typeshed/third_party/2and3" />
      </CLASSES>
      <SOURCES>
        <root url="file://$USER_HOME$/ws/first_ws/devel/lib/python2.7/dist-packages" />
        <root url="file:///opt/ros/melodic/lib/python2.7/dist-packages" />
        <root url="file:///usr/lib/python2.7" />
        <root url="file:///usr/lib/python2.7/plat-x86_64-linux-gnu" />
        <root url="file:///usr/lib/python2.7/lib-tk" />
        <root url="file:///usr/lib/python2.7/lib-dynload" />
        <root url="file:///usr/local/lib/python2.7/dist-packages" />
        <root url="file:///usr/lib/python2.7/dist-packages" />
        <root url="file:///usr/lib/python2.7/dist-packages/wx-3.0-gtk3" />
        <root url="file://$USER_HOME$/.cache/JetBrains/CLion2020.3/python_stubs/-2066100796" />
        <root url="file://$APPLICATION_HOME_DIR$/plugins/python-ce/helpers/python-skeletons" />
        <root url="file://$APPLICATION_HOME_DIR$/plugins/python-ce/helpers/typeshed/stdlib/2" />
        <root url="file://$APPLICATION_HOME_DIR$/plugins/python-ce/helpers/typeshed/stdlib/2and3" />
        <root url="file://$APPLICATION_HOME_DIR$/plugins/python-ce/helpers/typeshed/third_party/2" />
        <root url="file://$APPLICATION_HOME_DIR$/plugins/python-ce/helpers/typeshed/third_party/2and3" />
      </SOURCES>
    </library>
    <library name="Python 2.7 (hello_pkg) interpreter library">
      <CLASSES>
        <root url="file://$USER_HOME$/ws/first_ws/devel/lib/python2.7/dist-packages" />
        <root url="file:///opt/ros/melodic/lib/python2.7/dist-packages" />
        <root url="file:///usr/lib/python2.7" />
        <root url="file:///usr/lib/python2.7/plat-x86_64-linux-gnu" />
        <root url="file:///usr/lib/python2.7/lib-tk" />
        <root url="file:///usr/lib/python2.7/lib-dynload" />
        <root url="file:///usr/local/lib/python2.7/dist-packages" />
        <root url="file:///usr/lib/python2.7/dist-packages" />
        <root url="file:///usr/lib/python2.7/dist-packages/wx-3.0-gtk3" />
        <root url="file://$USER_HOME$/.cache/JetBrains/CLion2020.3/python_stubs/-2066100796" />
        <root url="file://$APPLICATION_HOME_DIR$/plugins/python-ce/helpers/python-skeletons" />
        <root url="file://$APPLICATION_HOME_DIR$/plugins/python-ce/helpers/typeshed/stdlib/2" />
        <root url="file://$APPLICATION_HOME_DIR$/plugins/python-ce/helpers/typeshed/stdlib/2and3" />
        <root url="file://$APPLICATION_HOME_DIR$/plugins/python-ce/helpers/typeshed/third_party/2" />
        <root url="file://$APPLICATION_HOME_DIR$/plugins/python-ce/helpers/typeshed/third_party/2and3" />
      </CLASSES>
      <SOURCES>
        <root url="file://$USER_HOME$/ws/first_ws/devel/lib/python2.7/dist-packages" />
        <root url="file:///opt/ros/melodic/lib/python2.7/dist-packages" />
        <root url="file:///usr/lib/python2.7" />
        <root url="file:///usr/lib/python2.7/plat-x86_64-linux-gnu" />
        <root url="file:///usr/lib/python2.7/lib-tk" />
        <root url="file:///usr/lib/python2.7/lib-dynload" />
        <root url="file:///usr/local/lib/python2.7/dist-packages" />
        <root url="file:///usr/lib/python2.7/dist-packages" />
        <root url="file:///usr/lib/python2.7/dist-packages/wx-3.0-gtk3" />
        <root url="file://$USER_HOME$/.cache/JetBrains/CLion2020.3/python_stubs/-2066100796" />
        <root url="file://$APPLICATION_HOME_DIR$/plugins/python-ce/helpers/python-skeletons" />
        <root url="file://$APPLICATION_HOME_DIR$/plugins/python-ce/helpers/typeshed/stdlib/2" />
        <root url="file://$APPLICATION_HOME_DIR$/plugins/python-ce/helpers/typeshed/stdlib/2and3" />
        <root url="file://$APPLICATION_HOME_DIR$/plugins/python-ce/helpers/typeshed/third_party/2" />
        <root url="file://$APPLICATION_HOME_DIR$/plugins/python-ce/helpers/typeshed/third_party/2and3" />
      </SOURCES>
    </library>
    <library name="Python 2.7 (hello_pkg) interpreter library">
      <CLASSES>
        <root url="file://$USER_HOME$/ws/first_ws/devel/lib/python2.7/dist-packages" />
        <root url="file:///opt/ros/melodic/lib/python2.7/dist-packages" />
        <root url="file:///usr/lib/python2.7" />
        <root url="file:///usr/lib/python2.7/plat-x86_64-linux-gnu" />
        <root url="file:///usr/lib/python2.7/lib-tk" />
        <root url="file:///usr/lib/python2.7/lib-dynload" />
        <root url="file:///usr/local/lib/python2.7/dist-packages" />
        <root url="file:///usr/lib/python2.7/dist-packages" />
        <root url="file:///usr/lib/python2.7/dist-packages/wx-3.0-gtk3" />
        <root url="file://$USER_HOME$/.cache/JetBrains/CLion2020.3/python_stubs/-2066100796" />
        <root url="file://$APPLICATION_HOME_DIR$/plugins/python-ce/helpers/python-skeletons" />
        <root url="file://$APPLICATION_HOME_DIR$/plugins/python-ce/helpers/typeshed/stdlib/2" />
        <root url="file://$APPLICATION_HOME_DIR$/plugins/python-ce/helpers/typeshed/stdlib/2and3" />
        <root url="file://$APPLICATION_HOME_DIR$/plugins/python-ce/helpers/typeshed/third_party/2" />
        <root url="file://$APPLICATION_HOME_DIR$/plugins/python-ce/helpers/typeshed/third_party/2and3" />
      </CLASSES>
      <SOURCES>
        <root url="file://$USER_HOME$/ws/first_ws/devel/lib/python2.7/dist-packages" />
        <root url="file:///opt/ros/melodic/lib/python2.7/dist-packages" />
        <root url="file:///usr/lib/python2.7" />
        <root url="file:///usr/lib/python2.7/plat-x86_64-linux-gnu" />
        <root url="file:///usr/lib/python2.7/lib-tk" />
        <root url="file:///usr/lib/python2.7/lib-dynload" />
        <root url="file:///usr/local/lib/python2.7/dist-packages" />
        <root url="file:///usr/lib/python2.7/dist-packages" />
        <root url="file:///usr/lib/python2.7/dist-packages/wx-3.0-gtk3" />
        <root url="file://$USER_HOME$/.cache/JetBrains/CLion2020.3/python_stubs/-2066100796" />
        <root url="file://$APPLICATION_HOME_DIR$/plugins/python-ce/helpers/python-skeletons" />
        <root url="file://$APPLICATION_HOME_DIR$/plugins/python-ce/helpers/typeshed/stdlib/2" />
        <root url="file://$APPLICATION_HOME_DIR$/plugins/python-ce/helpers/typeshed/stdlib/2and3" />
        <root url="file://$APPLICATION_HOME_DIR$/plugins/python-ce/helpers/typeshed/third_party/2" />
        <root url="file://$APPLICATION_HOME_DIR$/plugins/python-ce/helpers/typeshed/third_party/2and3" />
      </SOURCES>
    </library>
    <library name="Python 2.7 (hello_pkg) interpreter library">
      <CLASSES>
        <root url="file://$USER_HOME$/ws/first_ws/devel/lib/python2.7/dist-packages" />
        <root url="file:///opt/ros/melodic/lib/python2.7/dist-packages" />
        <root url="file:///usr/lib/python2.7" />
        <root url="file:///usr/lib/python2.7/plat-x86_64-linux-gnu" />
        <root url="file:///usr/lib/python2.7/lib-tk" />
        <root url="file:///usr/lib/python2.7/lib-dynload" />
        <root url="file:///usr/local/lib/python2.7/dist-packages" />
        <root url="file:///usr/lib/python2.7/dist-packages" />
        <root url="file:///usr/lib/python2.7/dist-packages/wx-3.0-gtk3" />
        <root url="file://$USER_HOME$/.cache/JetBrains/CLion2020.3/python_stubs/-2066100796" />
        <root url="file://$APPLICATION_HOME_DIR$/plugins/python-ce/helpers/python-skeletons" />
        <root url="file://$APPLICATION_HOME_DIR$/plugins/python-ce/helpers/typeshed/stdlib/2" />
        <root url="file://$APPLICATION_HOME_DIR$/plugins/python-ce/helpers/typeshed/stdlib/2and3" />
        <root url="file://$APPLICATION_HOME_DIR$/plugins/python-ce/helpers/typeshed/third_party/2" />
        <root url="file://$APPLICATION_HOME_DIR$/plugins/python-ce/helpers/typeshed/third_party/2and3" />
      </CLASSES>
      <SOURCES>
        <root url="file://$USER_HOME$/ws/first_ws/devel/lib/python2.7/dist-packages" />
        <root url="file:///opt/ros/melodic/lib/python2.7/dist-packages" />
        <root url="file:///usr/lib/python2.7" />
        <root url="file:///usr/lib/python2.7/plat-x86_64-linux-gnu" />
        <root url="file:///usr/lib/python2.7/lib-tk" />
        <root url="file:///usr/lib/python2.7/lib-dynload" />
        <root url="file:///usr/local/lib/python2.7/dist-packages" />
        <root url="file:///usr/lib/python2.7/dist-packages" />
        <root url="file:///usr/lib/python2.7/dist-packages/wx-3.0-gtk3" />
        <root url="file://$USER_HOME$/.cache/JetBrains/CLion2020.3/python_stubs/-2066100796" />
        <root url="file://$APPLICATION_HOME_DIR$/plugins/python-ce/helpers/python-skeletons" />
        <root url="file://$APPLICATION_HOME_DIR$/plugins/python-ce/helpers/typeshed/stdlib/2" />
        <root url="file://$APPLICATION_HOME_DIR$/plugins/python-ce/helpers/typeshed/stdlib/2and3" />
        <root url="file://$APPLICATION_HOME_DIR$/plugins/python-ce/helpers/typeshed/third_party/2" />
        <root url="file://$APPLICATION_HOME_DIR$/plugins/python-ce/helpers/typeshed/third_party/2and3" />
      </SOURCES>
    </library>
    <library name="Python 2.7 (hello_pkg) interpreter library">
      <CLASSES>
        <root url="file:///opt/ros/melodic/lib/python2.7/dist-packages" />
        <root url="file:///usr/lib/python2.7" />
        <root url="file:///usr/lib/python2.7/plat-x86_64-linux-gnu" />
        <root url="file:///usr/lib/python2.7/lib-tk" />
        <root url="file:///usr/lib/python2.7/lib-dynload" />
        <root url="file://$USER_HOME$/.local/lib/python2.7/site-packages" />
        <root url="file:///usr/local/lib/python2.7/dist-packages" />
        <root url="file:///usr/lib/python2.7/dist-packages" />
        <root url="file:///usr/lib/python2.7/dist-packages/wx-3.0-gtk3" />
        <root url="file://$USER_HOME$/.CLion2019.1/system/python_stubs/-2066100796" />
        <root url="file://$APPLICATION_HOME_DIR$/plugins/python/helpers/python-skeletons" />
        <root url="file://$APPLICATION_HOME_DIR$/plugins/python/helpers/typeshed/stdlib/2" />
        <root url="file://$APPLICATION_HOME_DIR$/plugins/python/helpers/typeshed/stdlib/2and3" />
        <root url="file://$APPLICATION_HOME_DIR$/plugins/python/helpers/typeshed/third_party/2" />
        <root url="file://$APPLICATION_HOME_DIR$/plugins/python/helpers/typeshed/third_party/2and3" />
      </CLASSES>
      <SOURCES>
        <root url="file:///opt/ros/melodic/lib/python2.7/dist-packages" />
        <root url="file:///usr/lib/python2.7" />
        <root url="file:///usr/lib/python2.7/plat-x86_64-linux-gnu" />
        <root url="file:///usr/lib/python2.7/lib-tk" />
        <root url="file:///usr/lib/python2.7/lib-dynload" />
        <root url="file://$USER_HOME$/.local/lib/python2.7/site-packages" />
        <root url="file:///usr/local/lib/python2.7/dist-packages" />
        <root url="file:///usr/lib/python2.7/dist-packages" />
        <root url="file:///usr/lib/python2.7/dist-packages/wx-3.0-gtk3" />
        <root url="file://$USER_HOME$/.CLion2019.1/system/python_stubs/-2066100796" />
        <root url="file://$APPLICATION_HOME_DIR$/plugins/python/helpers/python-skeletons" />
        <root url="file://$APPLICATION_HOME_DIR$/plugins/python/helpers/typeshed/stdlib/2" />
        <root url="file://$APPLICATION_HOME_DIR$/plugins/python/helpers/typeshed/stdlib/2and3" />
        <root url="file://$APPLICATION_HOME_DIR$/plugins/python/helpers/typeshed/third_party/2" />
        <root url="file://$APPLICATION_HOME_DIR$/plugins/python/helpers/typeshed/third_party/2and3" />
      </SOURCES>
    </library>
    <library name="Python 2.7 (hello_pkg) interpreter library">
      <CLASSES>
        <root url="file://$USER_HOME$/ws/first_ws/devel/lib/python2.7/dist-packages" />
        <root url="file:///opt/ros/melodic/lib/python2.7/dist-packages" />
        <root url="file:///usr/lib/python2.7" />
        <root url="file:///usr/lib/python2.7/plat-x86_64-linux-gnu" />
        <root url="file:///usr/lib/python2.7/lib-tk" />
        <root url="file:///usr/lib/python2.7/lib-dynload" />
        <root url="file://$USER_HOME$/.local/lib/python2.7/site-packages" />
        <root url="file:///usr/local/lib/python2.7/dist-packages" />
        <root url="file:///usr/lib/python2.7/dist-packages" />
        <root url="file:///usr/lib/python2.7/dist-packages/wx-3.0-gtk3" />
        <root url="file://$USER_HOME$/.CLion2019.1/system/python_stubs/-2066100796" />
        <root url="file://$APPLICATION_HOME_DIR$/plugins/python/helpers/python-skeletons" />
        <root url="file://$APPLICATION_HOME_DIR$/plugins/python/helpers/typeshed/stdlib/2" />
        <root url="file://$APPLICATION_HOME_DIR$/plugins/python/helpers/typeshed/stdlib/2and3" />
        <root url="file://$APPLICATION_HOME_DIR$/plugins/python/helpers/typeshed/third_party/2" />
        <root url="file://$APPLICATION_HOME_DIR$/plugins/python/helpers/typeshed/third_party/2and3" />
      </CLASSES>
      <SOURCES>
        <root url="file://$USER_HOME$/ws/first_ws/devel/lib/python2.7/dist-packages" />
        <root url="file:///opt/ros/melodic/lib/python2.7/dist-packages" />
        <root url="file:///usr/lib/python2.7" />
        <root url="file:///usr/lib/python2.7/plat-x86_64-linux-gnu" />
        <root url="file:///usr/lib/python2.7/lib-tk" />
        <root url="file:///usr/lib/python2.7/lib-dynload" />
        <root url="file://$USER_HOME$/.local/lib/python2.7/site-packages" />
        <root url="file:///usr/local/lib/python2.7/dist-packages" />
        <root url="file:///usr/lib/python2.7/dist-packages" />
        <root url="file:///usr/lib/python2.7/dist-packages/wx-3.0-gtk3" />
        <root url="file://$USER_HOME$/.CLion2019.1/system/python_stubs/-2066100796" />
        <root url="file://$APPLICATION_HOME_DIR$/plugins/python/helpers/python-skeletons" />
        <root url="file://$APPLICATION_HOME_DIR$/plugins/python/helpers/typeshed/stdlib/2" />
        <root url="file://$APPLICATION_HOME_DIR$/plugins/python/helpers/typeshed/stdlib/2and3" />
        <root url="file://$APPLICATION_HOME_DIR$/plugins/python/helpers/typeshed/third_party/2" />
        <root url="file://$APPLICATION_HOME_DIR$/plugins/python/helpers/typeshed/third_party/2and3" />
      </SOURCES>
    </library>
    <library name="Python 2.7 (hello_pkg) interpreter library">
      <CLASSES>
        <root url="file://$USER_HOME$/ws/first_ws/devel/lib/python2.7/dist-packages" />
        <root url="file:///opt/ros/melodic/lib/python2.7/dist-packages" />
        <root url="file:///usr/lib/python2.7" />
        <root url="file:///usr/lib/python2.7/plat-x86_64-linux-gnu" />
        <root url="file:///usr/lib/python2.7/lib-tk" />
        <root url="file:///usr/lib/python2.7/lib-dynload" />
        <root url="file://$USER_HOME$/.local/lib/python2.7/site-packages" />
        <root url="file:///usr/local/lib/python2.7/dist-packages" />
        <root url="file:///usr/lib/python2.7/dist-packages" />
        <root url="file:///usr/lib/python2.7/dist-packages/wx-3.0-gtk3" />
        <root url="file://$USER_HOME$/.CLion2019.1/system/python_stubs/-2066100796" />
        <root url="file://$APPLICATION_HOME_DIR$/plugins/python/helpers/python-skeletons" />
        <root url="file://$APPLICATION_HOME_DIR$/plugins/python/helpers/typeshed/stdlib/2" />
        <root url="file://$APPLICATION_HOME_DIR$/plugins/python/helpers/typeshed/stdlib/2and3" />
        <root url="file://$APPLICATION_HOME_DIR$/plugins/python/helpers/typeshed/third_party/2" />
        <root url="file://$APPLICATION_HOME_DIR$/plugins/python/helpers/typeshed/third_party/2and3" />
      </CLASSES>
      <SOURCES>
        <root url="file://$USER_HOME$/ws/first_ws/devel/lib/python2.7/dist-packages" />
        <root url="file:///opt/ros/melodic/lib/python2.7/dist-packages" />
        <root url="file:///usr/lib/python2.7" />
        <root url="file:///usr/lib/python2.7/plat-x86_64-linux-gnu" />
        <root url="file:///usr/lib/python2.7/lib-tk" />
        <root url="file:///usr/lib/python2.7/lib-dynload" />
        <root url="file://$USER_HOME$/.local/lib/python2.7/site-packages" />
        <root url="file:///usr/local/lib/python2.7/dist-packages" />
        <root url="file:///usr/lib/python2.7/dist-packages" />
        <root url="file:///usr/lib/python2.7/dist-packages/wx-3.0-gtk3" />
        <root url="file://$USER_HOME$/.CLion2019.1/system/python_stubs/-2066100796" />
        <root url="file://$APPLICATION_HOME_DIR$/plugins/python/helpers/python-skeletons" />
        <root url="file://$APPLICATION_HOME_DIR$/plugins/python/helpers/typeshed/stdlib/2" />
        <root url="file://$APPLICATION_HOME_DIR$/plugins/python/helpers/typeshed/stdlib/2and3" />
        <root url="file://$APPLICATION_HOME_DIR$/plugins/python/helpers/typeshed/third_party/2" />
        <root url="file://$APPLICATION_HOME_DIR$/plugins/python/helpers/typeshed/third_party/2and3" />
      </SOURCES>
    </library>
    <library name="Python 2.7 (hello_pkg) interpreter library">
      <CLASSES>
        <root url="file://$USER_HOME$/ws/first_ws/devel/lib/python2.7/dist-packages" />
        <root url="file:///opt/ros/melodic/lib/python2.7/dist-packages" />
        <root url="file:///usr/lib/python2.7" />
        <root url="file:///usr/lib/python2.7/plat-x86_64-linux-gnu" />
        <root url="file:///usr/lib/python2.7/lib-tk" />
        <root url="file:///usr/lib/python2.7/lib-dynload" />
        <root url="file://$USER_HOME$/.local/lib/python2.7/site-packages" />
        <root url="file:///usr/local/lib/python2.7/dist-packages" />
        <root url="file:///usr/lib/python2.7/dist-packages" />
        <root url="file:///usr/lib/python2.7/dist-packages/wx-3.0-gtk3" />
        <root url="file://$USER_HOME$/.CLion2019.1/system/python_stubs/-2066100796" />
        <root url="file://$APPLICATION_HOME_DIR$/plugins/python/helpers/python-skeletons" />
        <root url="file://$APPLICATION_HOME_DIR$/plugins/python/helpers/typeshed/stdlib/2" />
        <root url="file://$APPLICATION_HOME_DIR$/plugins/python/helpers/typeshed/stdlib/2and3" />
        <root url="file://$APPLICATION_HOME_DIR$/plugins/python/helpers/typeshed/third_party/2" />
        <root url="file://$APPLICATION_HOME_DIR$/plugins/python/helpers/typeshed/third_party/2and3" />
      </CLASSES>
      <SOURCES>
        <root url="file://$USER_HOME$/ws/first_ws/devel/lib/python2.7/dist-packages" />
        <root url="file:///opt/ros/melodic/lib/python2.7/dist-packages" />
        <root url="file:///usr/lib/python2.7" />
        <root url="file:///usr/lib/python2.7/plat-x86_64-linux-gnu" />
        <root url="file:///usr/lib/python2.7/lib-tk" />
        <root url="file:///usr/lib/python2.7/lib-dynload" />
        <root url="file://$USER_HOME$/.local/lib/python2.7/site-packages" />
        <root url="file:///usr/local/lib/python2.7/dist-packages" />
        <root url="file:///usr/lib/python2.7/dist-packages" />
        <root url="file:///usr/lib/python2.7/dist-packages/wx-3.0-gtk3" />
        <root url="file://$USER_HOME$/.CLion2019.1/system/python_stubs/-2066100796" />
        <root url="file://$APPLICATION_HOME_DIR$/plugins/python/helpers/python-skeletons" />
        <root url="file://$APPLICATION_HOME_DIR$/plugins/python/helpers/typeshed/stdlib/2" />
        <root url="file://$APPLICATION_HOME_DIR$/plugins/python/helpers/typeshed/stdlib/2and3" />
        <root url="file://$APPLICATION_HOME_DIR$/plugins/python/helpers/typeshed/third_party/2" />
        <root url="file://$APPLICATION_HOME_DIR$/plugins/python/helpers/typeshed/third_party/2and3" />
      </SOURCES>
    </library>
  </component>
</application>