<application>
  <component name="ProjectJdkTable">
    <jdk version="2">
      <name value="Python 2.7 (hello_pkg)" />
      <type value="Python SDK" />
      <version value="Python 2.7.17" />
      <homePath value="/usr/bin/python2" />
      <roots>
        <classPath>
          <root type="composite">
            <root url="file://$USER_HOME$/ws/third_ws/devel/lib/python2.7/dist-packages" type="simple" />
            <root url="file:///opt/ros/melodic/lib/python2.7/dist-packages" type="simple" />
            <root url="file:///usr/lib/python2.7" type="simple" />
            <root url="file:///usr/lib/python2.7/plat-x86_64-linux-gnu" type="simple" />
            <root url="file:///usr/lib/python2.7/lib-tk" type="simple" />
            <root url="file:///usr/lib/python2.7/lib-dynload" type="simple" />
            <root url="file://$USER_HOME$/.local/lib/python2.7/site-packages" type="simple" />
            <root url="file:///usr/local/lib/python2.7/dist-packages" type="simple" />
            <root url="file:///usr/lib/python2.7/dist-packages" type="simple" />
            <root url="file:///usr/lib/python2.7/dist-packages/wx-3.0-gtk3" type="simple" />
            <root url="file://$USER_HOME$/.CLion2019.1/system/python_stubs/-2066100796" type="simple" />
            <root url="file://$APPLICATION_HOME_DIR$/plugins/python/helpers/python-skeletons" type="simple" />
            <root url="file://$APPLICATION_HOME_DIR$/plugins/python/helpers/typeshed/stdlib/2" type="simple" />
            <root url="file://$APPLICATION_HOME_DIR$/plugins/python/helpers/typeshed/stdlib/2and3" type="simple" />
            <root url="file://$APPLICATION_HOME_DIR$/plugins/python/helpers/typeshed/third_party/2" type="simple" />
            <root url="file://$APPLICATION_HOME_DIR$/plugins/python/helpers/typeshed/third_party/2and3" type="simple" />
          </root>
        </classPath>
        <sourcePath>
          <root type="composite" />
        </sourcePath>
      </roots>
      <additional ASSOCIATED_PROJECT_PATH="$USER_HOME$/ws/first_ws/src/hello_pkg" />
    </jdk>
  </component>
</application>