<application>
  <component name="VimEditorSettings">
    <editor />
  </component>
  <component name="VimHistorySettings">
    <history>
      <history-search>
        <entry>add</entry>
        <entry>add_exec</entry>
        <entry>send</entry>
      </history-search>
      <history-cmd />
      <history-expr />
      <history-input />
    </history>
  </component>
  <component name="VimKeySettings">
    <shortcut-conflicts>
      <shortcut-conflict owner="vim">
        <text>ctrl pressed V</text>
      </shortcut-conflict>
      <shortcut-conflict owner="vim">
        <text>ctrl pressed S</text>
      </shortcut-conflict>
      <shortcut-conflict owner="vim">
        <text>ctrl pressed P</text>
      </shortcut-conflict>
      <shortcut-conflict owner="vim">
        <text>ctrl pressed A</text>
      </shortcut-conflict>
      <shortcut-conflict owner="vim">
        <text>ctrl pressed D</text>
      </shortcut-conflict>
      <shortcut-conflict owner="vim">
        <text>ctrl pressed J</text>
      </shortcut-conflict>
      <shortcut-conflict owner="vim">
        <text>ctrl pressed F</text>
      </shortcut-conflict>
    </shortcut-conflicts>
  </component>
  <component name="VimMarksSettings">
    <globalmarks />
    <filemarks>
      <file name="/a.dummy" timestamp="1620200747301">
        <mark key="[" line="0" column="0" />
        <mark key="]" line="0" column="12" />
        <mark key="." line="0" column="12" />
      </file>
      <file name="$USER_HOME$/ws/third_ws/src/use_cus_action_01_pkg/scripts/server_simple_action.py" timestamp="1620142253168">
        <mark key="'" line="36" column="7" />
        <mark key="[" line="40" column="28" />
        <mark key="]" line="40" column="29" />
        <mark key="^" line="40" column="29" />
        <mark key="." line="40" column="28" />
      </file>
      <file name="$USER_HOME$/ws/third_ws/src/use_cus_action_02_pkg/src/server_action.cpp" timestamp="1620204304001">
        <mark key="[" line="57" column="27" />
        <mark key="]" line="56" column="56" />
        <mark key="." line="56" column="55" />
        <mark key="^" line="56" column="56" />
      </file>
      <file name="$USER_HOME$/ws/third_ws/src/use_cus_action_02_pkg/scripts/server_action.py" timestamp="1620204446410">
        <mark key="[" line="61" column="52" />
        <mark key="]" line="61" column="55" />
        <mark key="^" line="61" column="55" />
        <mark key="." line="61" column="54" />
      </file>
      <file name="$USER_HOME$/ws/third_ws/src/use_cus_action_02_pkg/package.xml" timestamp="1620194188792">
        <mark key="[" line="64" column="30" />
        <mark key="]" line="64" column="33" />
        <mark key="." line="64" column="32" />
        <mark key="^" line="64" column="33" />
      </file>
      <file name="/opt/ros/melodic/lib/python2.7/dist-packages/actionlib/action_client.py" timestamp="1620203981974" />
      <file name="$USER_HOME$/ws/third_ws/src/use_cus_action_02_pkg/src/client_action.cpp" timestamp="1620202312740">
        <mark key="[" line="42" column="0" />
        <mark key="]" line="41" column="67" />
        <mark key="." line="41" column="66" />
        <mark key="^" line="41" column="67" />
      </file>
      <file name="/opt/ros/melodic/include/actionlib/client/comm_state.h" timestamp="1620196746968" />
      <file name="/opt/ros/melodic/include/actionlib/server/server_goal_handle_imp.h" timestamp="1620197644854" />
      <file name="/opt/ros/melodic/include/actionlib/server/action_server.h" timestamp="1620195150653" />
      <file name="$USER_HOME$/ws/third_ws/src/use_cus_action_02_pkg/CMakeLists.txt" timestamp="1620194936673">
        <mark key="'" line="113" column="10" />
        <mark key="[" line="5" column="0" />
        <mark key="]" line="4" column="0" />
        <mark key="^" line="4" column="0" />
        <mark key="." line="4" column="0" />
      </file>
      <file name="$USER_HOME$/ws/third_ws/src/use_cus_action_01_pkg/CMakeLists.txt" timestamp="1620136657780">
        <mark key="'" line="131" column="13" />
        <mark key="[" line="160" column="8" />
        <mark key="]" line="158" column="28" />
        <mark key="^" line="158" column="28" />
        <mark key="." line="158" column="27" />
      </file>
      <file name="/opt/ros/melodic/include/actionlib/client/action_client.h" timestamp="1620195876181">
        <mark key="'" line="248" column="60" />
        <mark key="[" line="121" column="13" />
        <mark key="]" line="206" column="6" />
      </file>
      <file name="$USER_HOME$/ws/third_ws/src/use_cus_action_01_pkg/scripts/client_simple_action.py" timestamp="1620142183417">
        <mark key="[" line="52" column="17" />
        <mark key="]" line="53" column="24" />
        <mark key="." line="53" column="23" />
        <mark key="^" line="53" column="24" />
      </file>
      <file name="$USER_HOME$/ws/third_ws/src/use_cus_action_01_pkg/src/client_simple_action.cpp" timestamp="1620141015138">
        <mark key="[" line="56" column="0" />
        <mark key="]" line="56" column="0" />
        <mark key="." line="56" column="0" />
        <mark key="^" line="49" column="4" />
      </file>
      <file name="$USER_HOME$/ws/third_ws/src/custom_action_msgs/CMakeLists.txt" timestamp="1620123490582">
        <mark key="[" line="108" column="47" />
        <mark key="]" line="108" column="51" />
        <mark key="." line="108" column="50" />
        <mark key="^" line="108" column="51" />
      </file>
      <file name="$USER_HOME$/ws/third_ws/src/use_cus_action_01_pkg/src/server_simple_action.cpp" timestamp="1620139956316">
        <mark key="[" line="75" column="0" />
        <mark key="]" line="75" column="0" />
        <mark key="^" line="28" column="8" />
        <mark key="." line="75" column="0" />
      </file>
      <file name="$USER_HOME$/ws/third_ws/src/use_cus_action_02_pkg/scripts/client_action.py" timestamp="1620204435534">
        <mark key="[" line="27" column="12" />
        <mark key="]" line="28" column="0" />
        <mark key="." line="28" column="0" />
      </file>
      <file name="$USER_HOME$/ws/third_ws/src/use_cus_action_01_pkg/package.xml" timestamp="1620123922467">
        <mark key="[" line="65" column="0" />
        <mark key="]" line="64" column="33" />
        <mark key="^" line="64" column="33" />
        <mark key="." line="64" column="32" />
      </file>
    </filemarks>
    <jumps>
      <jump line="81" column="14" filename="$USER_HOME$/ws/first_ws/src/hello_pkg/CMakeLists.txt" />
      <jump line="100" column="16" filename="$USER_HOME$/ws/first_ws/src/topic_pkg/CMakeLists.txt" />
      <jump line="115" column="11" filename="$USER_HOME$/ws/first_ws/src/topic_pkg/CMakeLists.txt" />
      <jump line="8" column="0" filename="$USER_HOME$/ws/first_ws/src/topic_pkg/src/publisher.cpp" />
      <jump line="13" column="15" filename="$USER_HOME$/ws/first_ws/src/topic_pkg/src/subscriber.cpp" />
      <jump line="37" column="14" filename="$USER_HOME$/ws/first_ws/src/use_custom_msg_pkg/CMakeLists.txt" />
      <jump line="16" column="20" filename="$USER_HOME$/ws/first_ws/src/use_custom2_msg_pkg/CMakeLists.txt" />
      <jump line="98" column="13" filename="$USER_HOME$/ws/second_ws/src/service_pkg/CMakeLists.txt" />
      <jump line="89" column="0" filename="$USER_HOME$/ws/second_ws/src/use_cus2_srv_pkg/CMakeLists.txt" />
      <jump line="131" column="13" filename="$USER_HOME$/ws/third_ws/src/use_cus_action_01_pkg/CMakeLists.txt" />
      <jump line="23" column="7" filename="$USER_HOME$/ws/third_ws/src/use_cus_action_01_pkg/scripts/server_simple_action.py" />
      <jump line="113" column="10" filename="$USER_HOME$/ws/third_ws/src/use_cus_action_02_pkg/CMakeLists.txt" />
      <jump line="192" column="4" filename="/opt/ros/melodic/include/actionlib/client/action_client.h" />
      <jump line="206" column="7" filename="/opt/ros/melodic/include/actionlib/client/action_client.h" />
      <jump line="211" column="7" filename="/opt/ros/melodic/include/actionlib/client/action_client.h" />
      <jump line="247" column="62" filename="/opt/ros/melodic/include/actionlib/client/action_client.h" />
      <jump line="248" column="60" filename="/opt/ros/melodic/include/actionlib/client/action_client.h" />
    </jumps>
  </component>
  <component name="VimRegisterSettings">
    <registers>
      <register name="&quot;" type="2">
        <text encoding="base64">ICAgICAgICAgICAgcHJpbnQgdGV4dAo=</text>
      </register>
      <register name="-" type="4">
        <text>rminal_state</text>
      </register>
      <register name="/" type="4">
        <text>send</text>
      </register>
      <register name="0" type="2">
        <text encoding="base64">aXNDYW5jZWwgPSBGYWxzZQo=</text>
      </register>
      <register name="1" type="2">
        <text encoding="base64">ICAgICAgICAgICAgcHJpbnQgdGV4dAo=</text>
      </register>
      <register name="2" type="2">
        <text encoding="base64">ICAgICAgICBoYW5kbGUuZ2V0Cg==</text>
      </register>
      <register name="3" type="2">
        <text encoding="base64">ICAgIHN0YXRlX3RleHQgPSBoYW5kbGUuZ2V0X2dvYWxfc3RhdHVzX3RleHQoKQo=</text>
      </register>
      <register name="4" type="2">
        <text encoding="base64">ICAgIHN0YXRlLgo=</text>
      </register>
      <register name="5" type="2">
        <text encoding="base64">ICAgIGhhbmRsZS5nZXQK</text>
      </register>
      <register name="6" type="2">
        <text encoding="base64">ICAgICAgICB0ZXh0Lgo=</text>
      </register>
      <register name="7" type="2">
        <text encoding="base64">ICAgIHBhc3MgCg==</text>
      </register>
      <register name="8" type="2">
        <text encoding="base64">ICAgIAoKZGVmIGdvYWxfY2IoaGFuZGxlKTo=</text>
      </register>
      <register name="9" type="2">
        <text encoding="base64">Cg==</text>
      </register>
    </registers>
  </component>
  <component name="VimSearchSettings">
    <search>
      <last-search>send</last-search>
      <last-offset />
      <last-pattern>send</last-pattern>
      <last-dir>1</last-dir>
      <show-last>false</show-last>
    </search>
  </component>
  <component name="VimSettings">
    <state version="6" enabled="true" />
    <notifications>
      <idea-join enabled="false" />
      <idea-put enabled="false" />
    </notifications>
  </component>
</application>