<application>
  <component name="VimEditorSettings">
    <editor />
  </component>
  <component name="VimHistorySettings">
    <history>
      <history-search>
        <entry>add</entry>
        <entry>add_exec</entry>
      </history-search>
      <history-cmd />
      <history-expr />
      <history-input />
    </history>
  </component>
  <component name="VimKeySettings">
    <shortcut-conflicts>
      <shortcut-conflict owner="vim">
        <text>ctrl pressed V</text>
      </shortcut-conflict>
      <shortcut-conflict owner="vim">
        <text>ctrl pressed S</text>
      </shortcut-conflict>
      <shortcut-conflict owner="vim">
        <text>ctrl pressed P</text>
      </shortcut-conflict>
      <shortcut-conflict owner="vim">
        <text>ctrl pressed A</text>
      </shortcut-conflict>
      <shortcut-conflict owner="vim">
        <text>ctrl pressed D</text>
      </shortcut-conflict>
      <shortcut-conflict owner="vim">
        <text>ctrl pressed J</text>
      </shortcut-conflict>
      <shortcut-conflict owner="vim">
        <text>ctrl pressed F</text>
      </shortcut-conflict>
    </shortcut-conflicts>
  </component>
  <component name="VimMarksSettings">
    <globalmarks />
    <filemarks>
      <file name="$USER_HOME$/ws/second_ws/src/use_cus_srv_pkg/scripts/client_cus_srv.py" timestamp="1620114892325">
        <mark key="[" line="19" column="34" />
        <mark key="]" line="23" column="35" />
        <mark key="." line="23" column="34" />
        <mark key="^" line="23" column="35" />
      </file>
      <file name="$USER_HOME$/ws/second_ws/src/use_cus2_srv_pkg/scripts/server_cus2_srv.py" timestamp="1620115095003">
        <mark key="[" line="22" column="40" />
        <mark key="]" line="22" column="40" />
        <mark key="^" line="12" column="0" />
        <mark key="." line="22" column="40" />
      </file>
      <file name="/a.dummy" timestamp="1620114969703">
        <mark key="[" line="0" column="10" />
      </file>
      <file name="$USER_HOME$/ws/third_ws/src/use_cus_action_01_pkg/scripts/server_simple_action.py" timestamp="1620142253168">
        <mark key="'" line="36" column="7" />
        <mark key="[" line="40" column="28" />
        <mark key="]" line="40" column="29" />
        <mark key="^" line="40" column="29" />
        <mark key="." line="40" column="28" />
      </file>
      <file name="/opt/ros/melodic/lib/python2.7/dist-packages/actionlib/simple_action_client.py" timestamp="1620140800886" />
      <file name="$USER_HOME$/ws/third_ws/src/custom_action_msgs/package.xml" timestamp="1620123219458">
        <mark key="[" line="66" column="0" />
        <mark key="]" line="64" column="29" />
        <mark key="^" line="64" column="29" />
        <mark key="." line="64" column="28" />
      </file>
      <file name="$USER_HOME$/ws/second_ws/src/use_cus_srv_pkg/scripts/server_cus_srv.py" timestamp="1620114848358">
        <mark key="[" line="31" column="28" />
        <mark key="]" line="34" column="45" />
        <mark key="^" line="34" column="45" />
        <mark key="." line="34" column="44" />
      </file>
      <file name="$USER_HOME$/ws/third_ws/src/use_cus_action_01_pkg/scripts/client_simple_action.py" timestamp="1620142183417">
        <mark key="[" line="52" column="17" />
        <mark key="]" line="53" column="24" />
        <mark key="." line="53" column="23" />
        <mark key="^" line="53" column="24" />
      </file>
      <file name="$USER_HOME$/ws/second_ws/src/use_cus2_srv_pkg/src/client_cus2_srv.cpp" timestamp="1620114537817">
        <mark key="[" line="26" column="38" />
        <mark key="]" line="28" column="39" />
        <mark key="^" line="28" column="39" />
        <mark key="." line="28" column="38" />
      </file>
      <file name="$USER_HOME$/ws/third_ws/src/use_cus_action_01_pkg/src/client_simple_action.cpp" timestamp="1620141015138">
        <mark key="[" line="56" column="0" />
        <mark key="]" line="56" column="0" />
        <mark key="." line="56" column="0" />
        <mark key="^" line="49" column="4" />
      </file>
      <file name="$USER_HOME$/ws/third_ws/src/custom_action_msgs/action/CountNumber.action" timestamp="1620122944788">
        <mark key="[" line="4" column="3" />
        <mark key="]" line="5" column="12" />
        <mark key="^" line="5" column="12" />
        <mark key="." line="5" column="11" />
      </file>
      <file name="$USER_HOME$/ws/third_ws/src/custom_action_msgs/CMakeLists.txt" timestamp="1620123490582">
        <mark key="[" line="108" column="47" />
        <mark key="]" line="108" column="51" />
        <mark key="." line="108" column="50" />
        <mark key="^" line="108" column="51" />
      </file>
      <file name="$USER_HOME$/ws/third_ws/src/use_cus_action_01_pkg/src/server_simple_action.cpp" timestamp="1620139956316">
        <mark key="[" line="75" column="0" />
        <mark key="]" line="75" column="0" />
        <mark key="^" line="28" column="8" />
        <mark key="." line="75" column="0" />
      </file>
      <file name="$USER_HOME$/ws/third_ws/src/use_cus_action_01_pkg/CMakeLists.txt" timestamp="1620136657780">
        <mark key="'" line="131" column="13" />
        <mark key="[" line="160" column="8" />
        <mark key="]" line="158" column="28" />
        <mark key="^" line="158" column="28" />
        <mark key="." line="158" column="27" />
      </file>
      <file name="$USER_HOME$/ws/second_ws/src/use_cus2_srv_pkg/scripts/client_cus2_srv.py" timestamp="1620115276556">
        <mark key="[" line="23" column="14" />
        <mark key="]" line="21" column="52" />
        <mark key="." line="21" column="51" />
        <mark key="^" line="21" column="52" />
      </file>
      <file name="$USER_HOME$/ws/third_ws/src/use_cus_action_01_pkg/package.xml" timestamp="1620123922467">
        <mark key="[" line="65" column="0" />
        <mark key="]" line="64" column="33" />
        <mark key="^" line="64" column="33" />
        <mark key="." line="64" column="32" />
      </file>
    </filemarks>
    <jumps>
      <jump line="81" column="14" filename="$USER_HOME$/ws/first_ws/src/hello_pkg/CMakeLists.txt" />
      <jump line="100" column="16" filename="$USER_HOME$/ws/first_ws/src/topic_pkg/CMakeLists.txt" />
      <jump line="115" column="11" filename="$USER_HOME$/ws/first_ws/src/topic_pkg/CMakeLists.txt" />
      <jump line="8" column="0" filename="$USER_HOME$/ws/first_ws/src/topic_pkg/src/publisher.cpp" />
      <jump line="13" column="15" filename="$USER_HOME$/ws/first_ws/src/topic_pkg/src/subscriber.cpp" />
      <jump line="37" column="14" filename="$USER_HOME$/ws/first_ws/src/use_custom_msg_pkg/CMakeLists.txt" />
      <jump line="16" column="20" filename="$USER_HOME$/ws/first_ws/src/use_custom2_msg_pkg/CMakeLists.txt" />
      <jump line="98" column="13" filename="$USER_HOME$/ws/second_ws/src/service_pkg/CMakeLists.txt" />
      <jump line="89" column="0" filename="$USER_HOME$/ws/second_ws/src/use_cus2_srv_pkg/CMakeLists.txt" />
      <jump line="131" column="13" filename="$USER_HOME$/ws/third_ws/src/use_cus_action_01_pkg/CMakeLists.txt" />
      <jump line="23" column="7" filename="$USER_HOME$/ws/third_ws/src/use_cus_action_01_pkg/scripts/server_simple_action.py" />
    </jumps>
  </component>
  <component name="VimRegisterSettings">
    <registers>
      <register name="&quot;" type="4">
        <text>33</text>
      </register>
      <register name="-" type="4">
        <text>33</text>
      </register>
      <register name="/" type="4">
        <text>add_exec</text>
      </register>
      <register name="0" type="2">
        <text encoding="base64">ICAgICMgaWYgbm90IGlzaW5zdGFuY2UocmVzdWx0LENvdW50TnVtYmVyUmVzdWx0KToKICAgICMgICAgcmV0dXJuIAo=</text>
      </register>
      <register name="1" type="2">
        <text encoding="base64">Cg==</text>
      </register>
      <register name="2" type="2">
        <text encoding="base64">ICAgICMgICAgcmV0dXJuIAo=</text>
      </register>
      <register name="3" type="2">
        <text encoding="base64">ICAgICMgaWYgbm90IGlzaW5zdGFuY2UocmVzdWx0LENvdW50TnVtYmVyUmVzdWx0KToK</text>
      </register>
      <register name="4" type="2">
        <text encoding="base64">ICAgIAo=</text>
      </register>
      <register name="5" type="2">
        <text encoding="base64">Cg==</text>
      </register>
      <register name="6" type="2">
        <text encoding="base64">Cg==</text>
      </register>
      <register name="7" type="2">
        <text encoding="base64">ICAgIGlmIG5vdCBpc2luc3RhbmNlKGZlZWRiYWNrLCBDb3VudE51bWJlckZlZWRiYWNrKToKICAgICAgICByZXR1cm4=</text>
      </register>
      <register name="8" type="2">
        <text encoding="base64">ICAgIHByaW50ICJoZWxsbzEiCg==</text>
      </register>
      <register name="9" type="2">
        <text encoding="base64">Cg==</text>
      </register>
    </registers>
  </component>
  <component name="VimSearchSettings">
    <search>
      <last-search>add_exec</last-search>
      <last-offset />
      <last-pattern>add_exec</last-pattern>
      <last-dir>1</last-dir>
      <show-last>false</show-last>
    </search>
  </component>
  <component name="VimSettings">
    <state version="6" enabled="true" />
    <notifications>
      <idea-join enabled="false" />
      <idea-put enabled="false" />
    </notifications>
  </component>
</application>